bill_id,account_no,vendor_invoice_no,period_start,period_end,usage,usage_unit,amount,late_fee,prior_balance,due_date,received_date
B50001,SYN-7001,METR-50001,2025-03-01,2025-03-31,23986.57,kWh,3187.0,0.0,0.0,2025-05-08,2025-04-08
B50002,SYN-7001,METR-50002,2025-04-01,2025-04-30,25833.62,kWh,3430.49,0.0,0.0,2025-06-04,2025-05-05
B50003,SYN-7001,METR-50003,2025-05-01,2025-05-31,32586.98,kWh,4320.74,0.0,0.0,2025-07-03,2025-06-03
B50004,SYN-7001,METR-50004,2025-06-01,2025-06-30,42620.76,kWh,5643.43,0.0,0.0,2025-08-03,2025-07-04
B50005,SYN-7001,METR-50005,2025-07-01,2025-07-31,52487.13,kWh,6944.05,0.0,0.0,2025-09-02,2025-08-03
B50006,SYN-7001,METR-50006,2025-08-01,2025-08-31,55046.05,kWh,7281.38,0.0,0.0,2025-10-06,2025-09-06
B50007,SYN-7001,METR-50007,2025-09-01,2025-09-30,42384.49,kWh,5612.28,0.0,0.0,2025-11-05,2025-10-06
B50008,SYN-7001,METR-50008,2025-10-01,2025-10-31,32464.01,kWh,4304.53,0.0,0.0,2025-12-08,2025-11-08
B50009,SYN-7001,METR-50009,2025-11-01,2025-11-30,23874.65,kWh,3172.25,0.0,0.0,2026-01-02,2025-12-03
B50010,SYN-7001,METR-50010,2025-12-01,2025-12-31,25081.82,kWh,3331.38,0.0,0.0,2026-02-07,2026-01-08
B50011,SYN-7001,METR-50011,2026-01-01,2026-01-31,23794.72,kWh,3161.71,0.0,0.0,2026-03-09,2026-02-07
B50012,SYN-7001,METR-50012,2026-02-01,2026-02-28,19776.51,kWh,2632.01,0.0,0.0,2026-04-07,2026-03-08
B50013,SYN-7001,METR-50013,2026-03-01,2026-03-31,23595.87,kWh,3135.5,0.0,0.0,2026-05-05,2026-04-05
B50014,SYN-7001,METR-50014,2026-04-01,2026-04-30,24686.41,kWh,3279.26,0.0,0.0,2026-06-05,2026-05-06
B50015,SYN-7001,METR-50015,2026-05-01,2026-05-31,29907.86,kWh,3967.57,0.0,0.0,2026-07-08,2026-06-08
B50016,SYN-7001,METR-50016,2026-06-01,2026-06-30,41558.78,kWh,5503.44,0.0,0.0,2026-08-05,2026-07-06
B50017,SYN-7001,METR-50017,2026-07-01,2026-07-31,51890.03,kWh,6865.34,0.0,0.0,2026-09-06,2026-08-07
B50018,SYN-7001,METR-50018,2026-08-01,2026-08-31,53336.36,kWh,7056.0,0.0,0.0,2026-10-04,2026-09-04
B50019,SYN-7002,GULF-50019,2025-03-01,2025-03-31,1922.1,therm,2122.23,0.0,0.0,2025-05-09,2025-04-06
B50020,SYN-7002,GULF-50020,2025-04-01,2025-04-30,1480.65,therm,1640.56,0.0,0.0,2025-06-05,2025-05-03
B50021,SYN-7002,GULF-50021,2025-05-01,2025-05-31,1175.74,therm,1307.87,0.0,0.0,2025-07-10,2025-06-07
B50022,SYN-7002,GULF-50022,2025-06-01,2025-06-30,987.84,therm,1102.85,0.0,0.0,2025-08-05,2025-07-03
B50023,SYN-7002,GULF-50023,2025-07-01,2025-07-31,863.45,therm,967.13,0.0,0.0,2025-09-09,2025-08-07
B50024,SYN-7002,GULF-50024,2025-08-01,2025-08-31,898.18,therm,1005.02,0.0,0.0,2025-10-06,2025-09-03
B50025,SYN-7002,GULF-50025,2025-09-01,2025-09-30,914.0,therm,1022.28,0.0,0.0,2025-11-07,2025-10-05
B50026,SYN-7002,GULF-50026,2025-10-01,2025-10-31,1331.83,therm,1478.18,0.0,0.0,2025-12-08,2025-11-05
B50027,SYN-7002,GULF-50027,2025-11-01,2025-11-30,1705.51,therm,1885.9,0.0,0.0,2026-01-05,2025-12-03
B50028,SYN-7002,GULF-50028,2025-12-01,2025-12-31,2360.08,therm,2600.12,0.0,0.0,2026-02-10,2026-01-08
B50029,SYN-7002,GULF-50029,2026-01-01,2026-01-31,2467.32,therm,2717.13,0.0,0.0,2026-03-10,2026-02-05
B50030,SYN-7002,GULF-50030,2026-02-01,2026-02-28,2222.46,therm,2449.96,0.0,0.0,2026-04-06,2026-03-04
B50031,SYN-7002,GULF-50031,2026-03-01,2026-03-31,1941.54,therm,2143.45,0.0,0.0,2026-05-10,2026-04-07
B50032,SYN-7002,GULF-50032,2026-04-01,2026-04-30,2780.11,therm,3058.42,0.0,0.0,2026-06-06,2026-05-04
B50033,SYN-7002,GULF-50033,2026-05-01,2026-05-31,1095.18,therm,1219.97,0.0,0.0,2026-07-07,2026-06-04
B50034,SYN-7002,GULF-50034,2026-06-01,2026-06-30,917.42,therm,1026.01,0.0,0.0,2026-08-06,2026-07-04
B50035,SYN-7002,GULF-50035,2026-07-01,2026-07-31,912.66,therm,1020.82,0.0,0.0,2026-09-09,2026-08-07
B50036,SYN-7002,GULF-50036,2026-08-01,2026-08-31,907.99,therm,1015.72,0.0,0.0,2026-10-09,2026-09-06
B50037,SYN-7003,CITY-50037,2025-03-01,2025-03-31,270.36,kgal,3109.75,0.0,0.0,2025-05-05,2025-04-03
B50038,SYN-7003,CITY-50038,2025-04-01,2025-04-30,300.04,kgal,3448.37,0.0,0.0,2025-06-05,2025-05-04
B50039,SYN-7003,CITY-50039,2025-05-01,2025-05-31,317.51,kgal,3647.73,0.0,0.0,2025-07-07,2025-06-05
B50040,SYN-7003,CITY-50040,2025-06-01,2025-06-30,340.46,kgal,3909.59,0.0,0.0,2025-08-08,2025-07-07
B50041,SYN-7003,CITY-50041,2025-07-01,2025-07-31,348.25,kgal,3998.45,0.0,0.0,2025-09-05,2025-08-04
B50042,SYN-7003,CITY-50042,2025-08-01,2025-08-31,372.57,kgal,4275.86,0.0,0.0,2025-10-06,2025-09-04
B50043,SYN-7003,CITY-50043,2025-09-01,2025-09-30,314.8,kgal,3616.73,0.0,0.0,2025-11-09,2025-10-08
B50044,SYN-7003,CITY-50044,2025-10-01,2025-10-31,299.72,kgal,3444.69,0.0,0.0,2025-12-07,2025-11-05
B50045,SYN-7003,CITY-50045,2025-11-01,2025-11-30,283.8,kgal,3263.11,0.0,0.0,2026-01-05,2025-12-04
B50046,SYN-7003,CITY-50046,2025-12-01,2025-12-31,253.81,kgal,2920.84,0.0,0.0,2026-02-06,2026-01-05
B50047,SYN-7003,CITY-50047,2026-01-01,2026-01-31,265.25,kgal,3051.42,0.0,0.0,2026-03-07,2026-02-03
B50048,SYN-7003,CITY-50048,2026-02-01,2026-02-28,233.09,kgal,2684.48,0.0,0.0,2026-04-06,2026-03-05
B50049,SYN-7003,CITY-50049,2026-03-01,2026-03-31,283.55,kgal,3260.18,0.0,0.0,2026-05-06,2026-04-04
B50050,SYN-7003,CITY-50050,2026-04-01,2026-04-30,537.36,kgal,6156.06,0.0,0.0,2026-06-07,2026-05-06
B50051,SYN-7003,CITY-50051,2026-05-01,2026-05-31,316.03,kgal,3630.81,0.0,0.0,2026-07-10,2026-06-08
B50052,SYN-7003,CITY-50052,2026-06-01,2026-06-30,332.57,kgal,3819.55,0.0,0.0,2026-08-05,2026-07-04
B50053,SYN-7003,CITY-50053,2026-07-01,2026-07-31,339.07,kgal,3893.63,0.0,0.0,2026-09-04,2026-08-03
B50054,SYN-7003,CITY-50054,2026-08-01,2026-08-31,370.19,kgal,4248.69,0.0,0.0,2026-10-10,2026-09-08
B50055,SYN-7004,HAUL-50055,2025-03-01,2025-03-31,16.06,pull,1477.55,0.0,0.0,2025-05-13,2025-04-06
B50056,SYN-7004,HAUL-50056,2025-04-01,2025-04-30,15.69,pull,1443.77,0.0,0.0,2025-06-11,2025-05-05
B50057,SYN-7004,HAUL-50057,2025-05-01,2025-05-31,16.63,pull,1529.59,0.0,0.0,2025-07-10,2025-06-03
B50058,SYN-7004,HAUL-50058,2025-06-01,2025-06-30,15.4,pull,1418.2,0.0,0.0,2025-08-14,2025-07-08
B50059,SYN-7004,HAUL-50059,2025-07-01,2025-07-31,16.48,pull,1515.38,0.0,0.0,2025-09-14,2025-08-08
B50060,SYN-7004,HAUL-50060,2025-08-01,2025-08-31,16.17,pull,1487.22,0.0,0.0,2025-10-12,2025-09-05
B50061,SYN-7004,HAUL-50061,2025-09-01,2025-09-30,14.7,pull,1354.24,0.0,0.0,2025-11-12,2025-10-06
B50062,SYN-7004,HAUL-50062,2025-10-01,2025-10-31,16.43,pull,1511.21,0.0,0.0,2025-12-13,2025-11-06
B50063,SYN-7004,HAUL-50063,2025-11-01,2025-11-30,15.89,pull,1462.21,0.0,0.0,2026-01-13,2025-12-07
B50064,SYN-7004,HAUL-50064,2025-12-01,2025-12-31,16.04,pull,1475.94,0.0,0.0,2026-02-12,2026-01-06
B50065,SYN-7004,HAUL-50065,2026-01-01,2026-01-31,15.97,pull,1469.88,0.0,0.0,2026-03-16,2026-02-07
B50066,SYN-7004,HAUL-50066,2026-02-01,2026-02-28,13.71,pull,1265.01,0.0,0.0,2026-04-14,2026-03-08
B50067,SYN-7004,HAUL-50067,2026-03-01,2026-03-31,16.62,pull,1528.73,0.0,0.0,2026-05-13,2026-04-06
B50068,SYN-7004,HAUL-50068,2026-04-01,2026-04-30,15.07,pull,1865.39,0.0,0.0,2026-06-14,2026-05-08
B50069,SYN-7004,HAUL-50069,2026-05-01,2026-05-31,15.97,pull,1469.63,0.0,0.0,2026-07-13,2026-06-06
B50070,SYN-7004,HAUL-50070,2026-06-01,2026-06-30,15.85,pull,1458.73,0.0,0.0,2026-08-09,2026-07-03
B50071,SYN-7004,HAUL-50071,2026-07-01,2026-07-31,16.24,pull,1493.89,0.0,0.0,2026-09-09,2026-08-03
B50072,SYN-7004,HAUL-50072,2026-08-01,2026-08-31,16.0,pull,1472.55,0.0,0.0,2026-10-13,2026-09-06
B50073,SYN-7005,METR-50073,2025-03-01,2025-03-31,19870.86,kWh,2659.45,0.0,0.0,2025-05-07,2025-04-07
B50074,SYN-7005,METR-50074,2025-04-01,2025-04-30,22402.03,kWh,2995.02,0.0,0.0,2025-06-04,2025-05-05
B50075,SYN-7005,METR-50075,2025-05-01,2025-05-31,25382.64,kWh,3390.19,0.0,0.0,2025-07-04,2025-06-04
B50076,SYN-7005,METR-50076,2025-06-01,2025-06-30,36611.99,kWh,4878.96,0.0,0.0,2025-08-06,2025-07-07
B50077,SYN-7005,METR-50077,2025-07-01,2025-07-31,45556.92,kWh,6064.86,0.0,0.0,2025-09-04,2025-08-05
B50078,SYN-7005,METR-50078,2025-08-01,2025-08-31,46341.23,kWh,6168.84,0.0,0.0,2025-10-06,2025-09-06
B50079,SYN-7005,METR-50079,2025-09-01,2025-09-30,33357.01,kWh,4447.42,0.0,0.0,2025-11-07,2025-10-08
B50080,SYN-7005,METR-50080,2025-10-01,2025-10-31,24946.79,kWh,3332.4,0.0,0.0,2025-12-06,2025-11-06
B50081,SYN-7005,METR-50081,2025-11-01,2025-11-30,21141.11,kWh,2827.85,0.0,0.0,2026-01-05,2025-12-06
B50082,SYN-7005,METR-50082,2025-12-01,2025-12-31,21220.42,kWh,2838.37,0.0,0.0,2026-02-04,2026-01-05
B50083,SYN-7005,METR-50083,2026-01-01,2026-01-31,19153.18,kWh,2564.3,0.0,0.0,2026-03-08,2026-02-06
B50084,SYN-7005,METR-50084,2026-02-01,2026-02-28,17466.34,kWh,2340.66,0.0,0.0,2026-04-02,2026-03-03
B50085,SYN-7005,METR-50085,2026-03-01,2026-03-31,19009.99,kWh,2545.31,0.0,0.0,2026-05-05,2026-04-05
B50086,SYN-7005,METR-50086,2026-04-01,2026-04-30,20665.77,kWh,2764.83,0.0,0.0,2026-06-05,2026-05-06
B50087,SYN-7005,METR-50087,2026-05-01,2026-05-31,26817.38,kWh,3580.4,179.02,3222.36,2026-07-06,2026-06-06
B50088,SYN-7005,METR-50088,2026-06-01,2026-06-30,36662.59,kWh,4885.67,0.0,0.0,2026-08-05,2026-07-06
B50089,SYN-7005,METR-50089,2026-07-01,2026-07-31,43609.14,kWh,5806.63,0.0,0.0,2026-09-06,2026-08-07
B50090,SYN-7005,METR-50090,2026-08-01,2026-08-31,43631.24,kWh,5809.56,0.0,0.0,2026-10-03,2026-09-03
B50091,SYN-7006,GULF-50091,2025-03-01,2025-03-31,2091.21,therm,2219.85,0.0,0.0,2025-05-10,2025-04-07
B50092,SYN-7006,GULF-50092,2025-04-01,2025-04-30,1458.4,therm,1555.68,0.0,0.0,2025-06-09,2025-05-07
B50093,SYN-7006,GULF-50093,2025-05-01,2025-05-31,1211.79,therm,1296.85,0.0,0.0,2025-07-09,2025-06-06
B50094,SYN-7006,GULF-50094,2025-06-01,2025-06-30,960.46,therm,1033.06,0.0,0.0,2025-08-07,2025-07-05
B50095,SYN-7006,GULF-50095,2025-07-01,2025-07-31,965.1,therm,1037.93,0.0,0.0,2025-09-05,2025-08-03
B50096,SYN-7006,GULF-50096,2025-08-01,2025-08-31,902.76,therm,972.51,0.0,0.0,2025-10-06,2025-09-03
B50097,SYN-7006,GULF-50097,2025-09-01,2025-09-30,994.7,therm,1069.0,0.0,0.0,2025-11-10,2025-10-08
B50098,SYN-7006,GULF-50098,2025-10-01,2025-10-31,1428.26,therm,1524.05,0.0,0.0,2025-12-11,2025-11-08
B50099,SYN-7006,GULF-50099,2025-11-01,2025-11-30,1762.56,therm,1874.91,0.0,0.0,2026-01-08,2025-12-06
B50100,SYN-7006,GULF-50100,2025-12-01,2025-12-31,2478.31,therm,2626.15,0.0,0.0,2026-02-05,2026-01-03
B50101,SYN-7006,GULF-50101,2026-01-01,2026-01-31,2740.81,therm,2901.66,0.0,0.0,2026-03-08,2026-02-03
B50102,SYN-7006,GULF-50102,2026-02-01,2026-02-28,2249.52,therm,2386.02,0.0,0.0,2026-04-07,2026-03-05
B50103,SYN-7006,GULF-50103,2026-03-01,2026-03-31,2088.89,therm,2217.42,0.0,0.0,2026-05-10,2026-04-07
B50104,SYN-7006,GULF-50104,2026-04-01,2026-04-30,1503.81,therm,1603.34,0.0,0.0,2026-06-06,2026-05-04
B50105,SYN-7006,GULF-50105,2026-05-01,2026-05-31,1236.62,therm,1322.91,0.0,0.0,2026-07-11,2026-06-08
B50106,SYN-7006,GULF-50106,2026-06-01,2026-06-30,950.28,therm,1022.38,0.0,0.0,2026-08-10,2026-07-08
B50107,SYN-7006,GULF-50107,2026-06-22,2026-07-31,1166.63,therm,1249.45,0.0,0.0,2026-09-08,2026-08-06
B50108,SYN-7006,GULF-50108,2026-08-01,2026-08-31,950.67,therm,1022.79,0.0,0.0,2026-10-06,2026-09-03
B50109,SYN-7007,CITY-50109,2025-03-01,2025-03-31,273.08,kgal,3213.32,0.0,0.0,2025-05-07,2025-04-05
B50110,SYN-7007,CITY-50110,2025-04-01,2025-04-30,273.28,kgal,3215.66,0.0,0.0,2025-06-05,2025-05-04
B50111,SYN-7007,CITY-50111,2025-05-01,2025-05-31,308.44,kgal,3626.19,0.0,0.0,2025-07-10,2025-06-08
B50112,SYN-7007,CITY-50112,2025-06-01,2025-06-30,307.78,kgal,3618.46,0.0,0.0,2025-08-05,2025-07-04
B50113,SYN-7007,CITY-50113,2025-07-01,2025-07-31,361.42,kgal,4244.74,0.0,0.0,2025-09-06,2025-08-05
B50114,SYN-7007,CITY-50114,2025-08-01,2025-08-31,361.29,kgal,4243.24,0.0,0.0,2025-10-07,2025-09-05
B50115,SYN-7007,CITY-50115,2025-09-01,2025-09-30,318.45,kgal,3743.14,0.0,0.0,2025-11-04,2025-10-03
B50116,SYN-7007,CITY-50116,2025-10-01,2025-10-31,287.51,kgal,3381.82,0.0,0.0,2025-12-05,2025-11-03
B50117,SYN-7007,CITY-50117,2025-11-01,2025-11-30,260.02,kgal,3060.93,0.0,0.0,2026-01-07,2025-12-06
B50118,SYN-7007,CITY-50118,2025-12-01,2025-12-31,258.31,kgal,3040.92,0.0,0.0,2026-02-04,2026-01-03
B50119,SYN-7007,CITY-50119,2026-01-01,2026-01-31,266.63,kgal,3138.06,0.0,0.0,2026-03-07,2026-02-03
B50120,SYN-7007,CITY-50120,2026-02-01,2026-02-28,240.61,kgal,2834.27,0.0,0.0,2026-04-05,2026-03-04
B50121,SYN-7007,CITY-50121,2026-03-01,2026-03-31,268.5,kgal,3159.88,0.0,0.0,2026-05-06,2026-04-04
B50122,SYN-7007,CITY-50122,2026-04-01,2026-04-30,268.33,kgal,3157.93,0.0,0.0,2026-06-08,2026-05-07
B50123,SYN-7007,CITY-50123,2026-05-01,2026-05-31,302.29,kgal,3554.41,0.0,0.0,2026-07-10,2026-06-08
B50124,SYN-7007,CITY-50124,2026-06-01,2026-06-30,317.9,kgal,3736.71,0.0,0.0,2026-08-07,2026-07-06
B50125,SYN-7007,CITY-50125,2026-07-01,2026-07-31,360.34,kgal,4232.12,0.0,0.0,2026-09-04,2026-08-03
B50126,SYN-7007,CITY-50126,2026-08-01,2026-08-31,353.74,kgal,4155.1,0.0,0.0,2026-10-08,2026-09-06
B50127,SYN-7008,HAUL-50127,2025-03-01,2025-03-31,12.92,pull,1292.68,0.0,0.0,2025-05-11,2025-04-04
B50128,SYN-7008,HAUL-50128,2025-04-01,2025-04-30,12.44,pull,1246.02,0.0,0.0,2025-06-13,2025-05-07
B50129,SYN-7008,HAUL-50129,2025-05-01,2025-05-31,12.6,pull,1261.2,0.0,0.0,2025-07-13,2025-06-06
B50130,SYN-7008,HAUL-50130,2025-06-01,2025-06-30,12.06,pull,1208.71,0.0,0.0,2025-08-10,2025-07-04
B50131,SYN-7008,HAUL-50131,2025-07-01,2025-07-31,12.87,pull,1287.98,0.0,0.0,2025-09-13,2025-08-07
B50132,SYN-7008,HAUL-50132,2025-08-01,2025-08-31,12.45,pull,1247.25,0.0,0.0,2025-10-14,2025-09-07
B50133,SYN-7008,HAUL-50133,2025-09-01,2025-09-30,12.43,pull,1244.67,0.0,0.0,2025-11-13,2025-10-07
B50134,SYN-7008,HAUL-50134,2025-10-01,2025-10-31,12.23,pull,1225.43,0.0,0.0,2025-12-10,2025-11-03
B50135,SYN-7008,HAUL-50135,2025-11-01,2025-11-30,12.94,pull,1295.17,0.0,0.0,2026-01-13,2025-12-07
B50136,SYN-7008,HAUL-50136,2025-12-01,2025-12-31,12.35,pull,1237.29,0.0,0.0,2026-02-09,2026-01-03
B50137,SYN-7008,HAUL-50137,2026-01-01,2026-01-31,12.41,pull,1242.94,0.0,0.0,2026-03-16,2026-02-07
B50138,SYN-7008,HAUL-50138,2026-02-01,2026-02-28,11.49,pull,1153.19,0.0,0.0,2026-04-12,2026-03-06
B50139,SYN-7008,HAUL-50139,2026-03-01,2026-03-31,12.51,pull,1252.96,0.0,0.0,2026-05-13,2026-04-06
B50140,SYN-7008,HAUL-50140,2026-04-01,2026-04-30,12.22,pull,1224.74,0.0,0.0,2026-06-12,2026-05-06
B50141,SYN-7008,HAUL-50141,2026-05-01,2026-05-31,12.6,pull,1261.9,0.0,0.0,2026-07-11,2026-06-04
B50142,SYN-7008,HAUL-50142,2026-06-01,2026-06-30,12.57,pull,1258.66,0.0,0.0,2026-08-11,2026-07-05
B50143,SYN-7008,HAUL-50143,2026-07-01,2026-07-31,12.36,pull,1238.24,0.0,0.0,2026-09-09,2026-08-03
B50144,SYN-7008,HAUL-50144,2026-08-01,2026-08-31,12.44,pull,1246.39,0.0,0.0,2026-10-11,2026-09-04
B50145,SYN-7009,METR-50145,2025-03-01,2025-03-31,25994.77,kWh,3344.2,0.0,0.0,2025-05-07,2025-04-07
B50146,SYN-7009,METR-50146,2025-04-01,2025-04-30,27401.25,kWh,3523.79,0.0,0.0,2025-06-07,2025-05-08
B50147,SYN-7009,METR-50147,2025-05-01,2025-05-31,32846.45,kWh,4219.07,0.0,0.0,2025-07-07,2025-06-07
B50148,SYN-7009,METR-50148,2025-06-01,2025-06-30,46849.38,kWh,6007.06,0.0,0.0,2025-08-03,2025-07-04
B50149,SYN-7009,METR-50149,2025-07-01,2025-07-31,59137.76,kWh,7576.13,0.0,0.0,2025-09-05,2025-08-06
B50150,SYN-7009,METR-50150,2025-08-01,2025-08-31,58226.16,kWh,7459.73,0.0,0.0,2025-10-06,2025-09-06
B50151,SYN-7009,METR-50151,2025-09-01,2025-09-30,45566.52,kWh,5843.26,0.0,0.0,2025-11-06,2025-10-07
B50152,SYN-7009,METR-50152,2025-10-01,2025-10-31,35375.97,kWh,4542.05,0.0,0.0,2025-12-07,2025-11-07
B50153,SYN-7009,METR-50153,2025-11-01,2025-11-30,26265.73,kWh,3378.79,0.0,0.0,2026-01-03,2025-12-04
B50154,SYN-7009,METR-50154,2025-12-01,2025-12-31,28239.84,kWh,3630.86,0.0,0.0,2026-02-03,2026-01-04
B50155,SYN-7009,METR-50155,2026-01-01,2026-01-31,27470.46,kWh,3532.62,0.0,0.0,2026-03-10,2026-02-08
B50156,SYN-7009,METR-50156,2026-02-01,2026-02-28,23325.26,kWh,3003.33,0.0,0.0,2026-04-04,2026-03-05
B50157,SYN-7009,METR-50157,2026-03-01,2026-03-31,25888.32,kWh,3330.6,0.0,0.0,2026-05-04,2026-04-04
B50158,SYN-7009,METR-50158,2026-05-01,2026-05-31,33091.39,kWh,4250.34,0.0,0.0,2026-07-03,2026-06-03
B50159,SYN-7009,METR-50159,2026-06-01,2026-06-30,49916.85,kWh,6398.74,0.0,0.0,2026-08-03,2026-07-04
B50160,SYN-7009,METR-50160,2026-07-01,2026-07-31,56530.55,kWh,7243.22,0.0,0.0,2026-09-05,2026-08-06
B50161,SYN-7009,METR-50161,2026-08-01,2026-08-31,58574.38,kWh,7504.19,0.0,0.0,2026-10-06,2026-09-06
B50162,SYN-7010,GULF-50162,2025-03-01,2025-03-31,1946.11,therm,2085.65,0.0,0.0,2025-05-11,2025-04-08
B50163,SYN-7010,GULF-50163,2025-04-01,2025-04-30,1368.75,therm,1474.31,0.0,0.0,2025-06-09,2025-05-07
B50164,SYN-7010,GULF-50164,2025-05-01,2025-05-31,1130.05,therm,1221.56,0.0,0.0,2025-07-08,2025-06-05
B50165,SYN-7010,GULF-50165,2025-06-01,2025-06-30,970.38,therm,1052.49,0.0,0.0,2025-08-10,2025-07-08
B50166,SYN-7010,GULF-50166,2025-07-01,2025-07-31,900.97,therm,979.0,0.0,0.0,2025-09-10,2025-08-08
B50167,SYN-7010,GULF-50167,2025-08-01,2025-08-31,928.0,therm,1007.62,0.0,0.0,2025-10-09,2025-09-06
B50168,SYN-7010,GULF-50168,2025-09-01,2025-09-30,905.67,therm,983.98,0.0,0.0,2025-11-09,2025-10-07
B50169,SYN-7010,GULF-50169,2025-10-01,2025-10-31,1312.08,therm,1414.31,0.0,0.0,2025-12-10,2025-11-07
B50170,SYN-7010,GULF-50170,2025-11-01,2025-11-30,1681.72,therm,1805.7,0.0,0.0,2026-01-06,2025-12-04
B50171,SYN-7010,GULF-50171,2025-12-01,2025-12-31,2383.78,therm,2549.09,0.0,0.0,2026-02-06,2026-01-04
B50172,SYN-7010,GULF-50172,2026-01-01,2026-01-31,2732.14,therm,2917.95,0.0,0.0,2026-03-08,2026-02-03
B50173,SYN-7010,GULF-50173,2026-02-01,2026-02-28,2121.59,therm,2271.47,0.0,0.0,2026-04-10,2026-03-08
B50174,SYN-7010,GULF-50174,2026-03-01,2026-03-31,1882.2,therm,2017.99,0.0,0.0,2026-05-06,2026-04-03
B50175,SYN-7010,GULF-50175,2026-04-01,2026-04-30,1410.8,therm,1518.84,0.0,0.0,2026-06-08,2026-05-06
B50176,SYN-7010,GULF-50176,2026-05-01,2026-05-31,1129.7,therm,1221.2,0.0,0.0,2026-07-07,2026-06-04
B50177,SYN-7010,GULF-50177,2026-06-01,2026-06-30,938.85,therm,1019.11,0.0,0.0,2026-08-10,2026-07-08
B50178,SYN-7010,GULF-50178,2026-07-01,2026-07-31,859.37,therm,934.95,0.0,0.0,2026-09-06,2026-08-04
B50179,SYN-7010,GULF-50179,2026-08-01,2026-08-31,872.01,therm,948.34,0.0,0.0,2026-10-09,2026-09-06
B50180,SYN-7011,CITY-50180,2025-03-01,2025-03-31,293.87,kgal,3372.5,0.0,0.0,2025-05-06,2025-04-04
B50181,SYN-7011,CITY-50181,2025-04-01,2025-04-30,309.16,kgal,3546.67,0.0,0.0,2025-06-04,2025-05-03
B50182,SYN-7011,CITY-50182,2025-05-01,2025-05-31,348.19,kgal,3991.27,0.0,0.0,2025-07-10,2025-06-08
B50183,SYN-7011,CITY-50183,2025-06-01,2025-06-30,370.7,kgal,4247.65,0.0,0.0,2025-08-08,2025-07-07
B50184,SYN-7011,CITY-50184,2025-07-01,2025-07-31,371.04,kgal,4251.6,0.0,0.0,2025-09-08,2025-08-07
B50185,SYN-7011,CITY-50185,2025-08-01,2025-08-31,394.55,kgal,4519.34,0.0,0.0,2025-10-07,2025-09-05
B50186,SYN-7011,CITY-50186,2025-09-01,2025-09-30,353.62,kgal,4053.11,0.0,0.0,2025-11-09,2025-10-08
B50187,SYN-7011,CITY-50187,2025-10-01,2025-10-31,327.93,kgal,3760.53,0.0,0.0,2025-12-08,2025-11-06
B50188,SYN-7011,CITY-50188,2025-11-01,2025-11-30,304.97,kgal,3498.89,0.0,0.0,2026-01-08,2025-12-07
B50189,SYN-7011,CITY-50189,2025-12-01,2025-12-31,283.42,kgal,3253.48,0.0,0.0,2026-02-07,2026-01-06
B50190,SYN-7011,CITY-50190,2026-01-01,2026-01-31,284.45,kgal,3265.21,0.0,0.0,2026-03-12,2026-02-08
B50191,SYN-7011,CITY-50191,2026-02-01,2026-02-28,248.23,kgal,2852.61,0.0,0.0,2026-04-06,2026-03-05
B50192,SYN-7011,CITY-50192,2026-03-01,2026-03-31,302.17,kgal,3467.01,0.0,0.0,2026-05-05,2026-04-03
B50193,SYN-7011,CITY-50193,2026-04-01,2026-04-30,323.92,kgal,3714.8,0.0,0.0,2026-06-08,2026-05-07
B50194,SYN-7011,CITY-50194,2026-05-01,2026-05-31,326.04,kgal,3738.99,0.0,0.0,2026-07-10,2026-06-08
B50195,SYN-7011,CITY-50195,2026-06-01,2026-06-30,349.33,kgal,4004.24,0.0,0.0,2026-08-09,2026-07-08
B50196,SYN-7011,CITY-50196,2026-07-01,2026-07-31,385.54,kgal,4416.74,0.0,0.0,2026-09-08,2026-08-07
B50197,SYN-7011,CITY-50197,2026-08-01,2026-08-31,378.65,kgal,4338.24,0.0,0.0,2026-10-08,2026-09-06
B50198,SYN-7012,HAUL-50198,2025-03-01,2025-03-31,10.16,pull,953.39,0.0,0.0,2025-05-14,2025-04-07
B50199,SYN-7012,HAUL-50199,2025-04-01,2025-04-30,9.55,pull,897.96,0.0,0.0,2025-06-09,2025-05-03
B50200,SYN-7012,HAUL-50200,2025-05-01,2025-05-31,10.0,pull,938.53,0.0,0.0,2025-07-13,2025-06-06
B50201,SYN-7012,HAUL-50201,2025-06-01,2025-06-30,9.94,pull,933.37,0.0,0.0,2025-08-10,2025-07-04
B50202,SYN-7012,HAUL-50202,2025-07-01,2025-07-31,10.14,pull,951.54,0.0,0.0,2025-09-09,2025-08-03
B50203,SYN-7012,HAUL-50203,2025-08-01,2025-08-31,10.01,pull,939.83,0.0,0.0,2025-10-12,2025-09-05
B50204,SYN-7012,HAUL-50204,2025-09-01,2025-09-30,9.98,pull,936.61,0.0,0.0,2025-11-12,2025-10-06
B50205,SYN-7012,HAUL-50205,2025-10-01,2025-10-31,10.34,pull,969.58,0.0,0.0,2025-12-10,2025-11-03
B50206,SYN-7012,HAUL-50206,2025-11-01,2025-11-30,9.88,pull,927.89,0.0,0.0,2026-01-14,2025-12-08
B50207,SYN-7012,HAUL-50207,2025-12-01,2025-12-31,10.32,pull,967.84,0.0,0.0,2026-02-14,2026-01-08
B50208,SYN-7012,HAUL-50208,2026-01-01,2026-01-31,10.15,pull,952.55,0.0,0.0,2026-03-13,2026-02-04
B50209,SYN-7012,HAUL-50209,2026-02-01,2026-02-28,9.25,pull,870.02,0.0,0.0,2026-04-10,2026-03-04
B50210,SYN-7012,HAUL-50210,2026-03-01,2026-03-31,10.31,pull,967.14,0.0,0.0,2026-05-14,2026-04-07
B50211,SYN-7012,HAUL-50211,2026-04-01,2026-04-30,9.87,pull,926.55,0.0,0.0,2026-06-12,2026-05-06
B50212,SYN-7012,HAUL-50212,2026-05-01,2026-05-31,10.05,pull,942.98,0.0,0.0,2026-07-13,2026-06-06
B50213,SYN-7012,HAUL-50212,2026-05-01,2026-05-31,10.05,pull,942.98,0.0,0.0,2026-07-19,2026-06-12
B50214,SYN-7012,HAUL-50214,2026-06-01,2026-06-30,9.75,pull,915.91,0.0,0.0,2026-08-13,2026-07-07
B50215,SYN-7012,HAUL-50215,2026-07-01,2026-07-31,10.25,pull,961.63,0.0,0.0,2026-09-11,2026-08-05
B50216,SYN-7012,HAUL-50216,2026-08-01,2026-08-31,10.71,pull,1003.5,0.0,0.0,2026-10-15,2026-09-08
B50217,SYN-7014,METR-50217,2025-12-17,2025-12-31,16.94,kWh,10.26,0.0,0.0,2026-02-07,2026-01-08
B50218,SYN-7014,METR-50218,2026-01-01,2026-01-31,33.24,kWh,12.43,0.0,0.0,2026-03-06,2026-02-04
B50219,SYN-7014,METR-50219,2026-02-01,2026-02-28,32.05,kWh,12.27,0.0,0.0,2026-04-04,2026-03-05
B50220,SYN-7014,METR-50220,2026-03-01,2026-03-17,18.17,kWh,10.42,0.0,0.0,2026-04-19,2026-03-20
B50221,SYN-7015,CITY-50221,2025-12-17,2025-12-31,0.15,kgal,9.6,0.0,0.0,2026-02-09,2026-01-08
B50222,SYN-7015,CITY-50222,2026-01-01,2026-01-31,0.29,kgal,11.22,0.0,0.0,2026-03-12,2026-02-08
B50223,SYN-7015,CITY-50223,2026-02-01,2026-02-28,0.28,kgal,11.05,0.0,0.0,2026-04-05,2026-03-04
B50224,SYN-7015,CITY-50224,2026-03-01,2026-03-17,0.17,kgal,9.83,0.0,0.0,2026-04-22,2026-03-21
B50225,SYN-7016,METR-50225,2025-12-24,2025-12-31,9.3,kWh,9.18,0.0,0.0,2026-02-02,2026-01-03
B50226,SYN-7016,METR-50226,2026-01-01,2026-01-31,33.2,kWh,12.22,0.0,0.0,2026-03-07,2026-02-05
B50227,SYN-7016,METR-50227,2026-02-01,2026-02-22,24.46,kWh,11.11,0.0,0.0,2026-03-31,2026-03-01
B50228,SYN-7017,CITY-50228,2025-12-24,2025-12-31,0.08,kgal,8.91,0.0,0.0,2026-02-05,2026-01-04
B50229,SYN-7017,CITY-50229,2026-01-01,2026-01-31,0.3,kgal,11.44,0.0,0.0,2026-03-09,2026-02-05
B50230,SYN-7017,CITY-50230,2026-02-01,2026-02-22,0.22,kgal,10.54,0.0,0.0,2026-03-31,2026-02-27
B50231,SYN-7018,METR-50231,2026-01-15,2026-01-31,18.23,kWh,10.35,0.0,0.0,2026-03-06,2026-02-04
B50232,SYN-7018,METR-50232,2026-02-01,2026-02-28,31.69,kWh,12.09,0.0,0.0,2026-04-07,2026-03-08
B50233,SYN-7018,METR-50233,2026-03-01,2026-03-31,34.7,kWh,12.48,0.0,0.0,2026-05-08,2026-04-08
B50234,SYN-7018,METR-50234,2026-04-01,2026-04-15,16.44,kWh,10.12,0.0,0.0,2026-05-19,2026-04-19
B50235,SYN-7019,CITY-50235,2026-01-15,2026-01-31,0.17,kgal,9.99,0.0,0.0,2026-03-08,2026-02-04
B50236,SYN-7019,CITY-50236,2026-02-01,2026-02-28,0.27,kgal,11.11,0.0,0.0,2026-04-06,2026-03-05
B50237,SYN-7019,CITY-50237,2026-03-01,2026-03-31,0.29,kgal,11.45,0.0,0.0,2026-05-08,2026-04-06
B50238,SYN-7019,CITY-50238,2026-04-01,2026-04-15,0.14,kgal,9.67,0.0,0.0,2026-05-21,2026-04-19
B50239,SYN-7020,METR-50239,2026-05-05,2026-05-31,28.98,kWh,11.79,0.0,0.0,2026-07-03,2026-06-03
B50240,SYN-7020,METR-50240,2026-06-01,2026-06-30,34.4,kWh,12.5,0.0,0.0,2026-08-04,2026-07-05
B50241,SYN-7020,METR-50241,2026-07-01,2026-07-19,20.27,kWh,10.65,0.0,0.0,2026-08-26,2026-07-27
B50242,SYN-7021,CITY-50242,2026-05-05,2026-05-31,9.72,kgal,123.32,0.0,0.0,2026-07-10,2026-06-08
B50243,SYN-7021,CITY-50243,2026-06-01,2026-06-30,10.8,kgal,136.13,0.0,0.0,2026-08-07,2026-07-06
B50244,SYN-7021,CITY-50244,2026-07-01,2026-07-19,0.19,kgal,10.25,0.0,0.0,2026-08-27,2026-07-26
B50245,SYN-7022,METR-50245,2026-01-17,2026-01-31,16.85,kWh,10.16,0.0,0.0,2026-03-07,2026-02-05
B50246,SYN-7022,METR-50246,2026-02-01,2026-02-28,31.27,kWh,12.01,0.0,0.0,2026-04-07,2026-03-08
B50247,SYN-7022,METR-50247,2026-03-01,2026-03-18,19.76,kWh,10.53,0.0,0.0,2026-04-21,2026-03-22
B50248,SYN-7023,CITY-50248,2026-01-17,2026-01-31,0.15,kgal,9.7,0.0,0.0,2026-03-12,2026-02-08
B50249,SYN-7023,CITY-50249,2026-02-01,2026-02-28,0.28,kgal,11.17,0.0,0.0,2026-04-08,2026-03-07
B50250,SYN-7023,CITY-50250,2026-03-01,2026-03-18,0.18,kgal,10.02,0.0,0.0,2026-04-25,2026-03-24
B50251,SYN-7024,METR-50251,2025-08-03,2025-08-31,32.53,kWh,12.11,0.0,0.0,2025-10-05,2025-09-05
B50252,SYN-7024,METR-50252,2025-09-01,2025-09-17,19.34,kWh,10.44,0.0,0.0,2025-10-21,2025-09-21
B50253,SYN-7025,CITY-50253,2025-08-03,2025-08-31,0.27,kgal,10.98,0.0,0.0,2025-10-06,2025-09-04
B50254,SYN-7025,CITY-50254,2025-09-01,2025-09-17,0.17,kgal,9.87,0.0,0.0,2025-10-22,2025-09-20
B50255,SYN-7026,METR-50255,2025-12-14,2025-12-31,19.31,kWh,10.61,0.0,0.0,2026-02-04,2026-01-05
B50256,SYN-7026,METR-50256,2026-01-01,2026-01-31,35.3,kWh,12.78,0.0,0.0,2026-03-05,2026-02-03
B50257,SYN-7026,METR-50257,2026-02-01,2026-02-12,12.87,kWh,9.74,0.0,0.0,2026-03-18,2026-02-16
B50258,SYN-7027,CITY-50258,2025-12-14,2025-12-31,0.17,kgal,9.99,0.0,0.0,2026-02-09,2026-01-08
B50259,SYN-7027,CITY-50259,2026-01-01,2026-01-31,0.31,kgal,11.7,0.0,0.0,2026-03-12,2026-02-08
B50260,SYN-7027,CITY-50260,2026-02-01,2026-02-12,0.12,kgal,9.44,0.0,0.0,2026-03-22,2026-02-18
B50261,SYN-7028,METR-50261,2025-07-11,2025-07-31,22.68,kWh,10.97,0.0,0.0,2025-09-02,2025-08-03
B50262,SYN-7028,METR-50262,2025-08-01,2025-08-25,28.5,kWh,11.73,0.0,0.0,2025-10-02,2025-09-02
B50263,SYN-7029,CITY-50263,2025-07-11,2025-07-31,0.2,kgal,10.28,0.0,0.0,2025-09-07,2025-08-06
B50264,SYN-7029,CITY-50264,2025-08-01,2025-08-25,0.23,kgal,10.63,0.0,0.0,2025-10-02,2025-08-31
B50265,SYN-7030,METR-50265,2026-01-30,2026-01-31,2.35,kWh,8.31,0.0,0.0,2026-03-09,2026-02-07
B50266,SYN-7030,METR-50266,2026-02-01,2026-02-28,32.01,kWh,12.28,0.0,0.0,2026-04-03,2026-03-04
B50267,SYN-7030,METR-50267,2026-03-01,2026-03-31,36.26,kWh,12.85,0.0,0.0,2026-05-08,2026-04-08
B50268,SYN-7030,METR-50268,2026-04-01,2026-04-30,32.58,kWh,12.36,0.0,0.0,2026-06-02,2026-05-03
B50269,SYN-7031,CITY-50269,2026-01-30,2026-01-31,0.02,kgal,8.24,0.0,0.0,2026-03-09,2026-02-05
B50270,SYN-7031,CITY-50270,2026-02-01,2026-02-28,0.26,kgal,11.11,0.0,0.0,2026-04-04,2026-03-03
B50271,SYN-7031,CITY-50271,2026-03-01,2026-03-31,0.3,kgal,11.64,0.0,0.0,2026-05-07,2026-04-05
B50272,SYN-7031,CITY-50272,2026-04-01,2026-04-30,0.3,kgal,11.54,0.0,0.0,2026-06-06,2026-05-05
B50273,SYN-7013,METR-50273,2026-07-01,2026-07-31,24000,kWh,3145.0,0.0,0.0,2026-09-03,2026-08-04
B50274,SYN-7013,METR-50274,2026-08-01,2026-08-31,24000,kWh,3145.0,0.0,0.0,2026-10-04,2026-09-04
