property,unit,status,from,to
Cypress Court (synthetic),101,vacant,2025-12-17,2026-03-17
Cypress Court (synthetic),102,vacant,2025-12-24,2026-02-22
Cypress Court (synthetic),103,vacant,2026-01-15,2026-04-15
Bayou Flats (synthetic),201,vacant,2026-05-05,2026-07-19
Bayou Flats (synthetic),202,vacant,2026-01-17,2026-03-18
Bayou Flats (synthetic),203,vacant,2025-08-03,2025-09-17
Gaylord Ridge (synthetic),301,vacant,2025-12-14,2026-02-12
Gaylord Ridge (synthetic),302,vacant,2025-07-11,2025-08-25
Gaylord Ridge (synthetic),303,vacant,2026-01-30,2026-04-30
