payment_id,account_no,vendor_invoice_no,amount,paid_date
P50001,SYN-7001,METR-50001,3187.0,2025-05-07
P50002,SYN-7001,METR-50002,3430.49,2025-05-31
P50003,SYN-7001,METR-50003,4320.74,2025-06-27
P50004,SYN-7001,METR-50004,5643.43,2025-07-29
P50005,SYN-7001,METR-50005,6944.05,2025-08-28
P50006,SYN-7001,METR-50006,7281.38,2025-10-05
P50007,SYN-7001,METR-50007,5612.28,2025-11-04
P50008,SYN-7001,METR-50008,4304.53,2025-12-07
P50009,SYN-7001,METR-50009,3172.25,2025-12-29
P50010,SYN-7001,METR-50010,3331.38,2026-02-03
P50011,SYN-7001,METR-50011,3161.71,2026-03-03
P50012,SYN-7001,METR-50012,2632.01,2026-04-04
P50013,SYN-7001,METR-50013,3135.5,2026-05-02
P50014,SYN-7001,METR-50014,3279.26,2026-06-04
P50015,SYN-7001,METR-50015,3967.57,2026-07-07
P50016,SYN-7001,METR-50016,5503.44,2026-08-01
P50017,SYN-7001,METR-50017,6865.34,2026-09-04
P50019,SYN-7002,GULF-50019,2122.23,2025-05-05
P50020,SYN-7002,GULF-50020,1640.56,2025-06-02
P50021,SYN-7002,GULF-50021,1307.87,2025-07-07
P50022,SYN-7002,GULF-50022,1102.85,2025-08-03
P50023,SYN-7002,GULF-50023,967.13,2025-09-03
P50024,SYN-7002,GULF-50024,1005.02,2025-10-04
P50025,SYN-7002,GULF-50025,1022.28,2025-11-06
P50026,SYN-7002,GULF-50026,1478.18,2025-12-05
P50027,SYN-7002,GULF-50027,1885.9,2026-01-04
P50028,SYN-7002,GULF-50028,2600.12,2026-02-08
P50029,SYN-7002,GULF-50029,2717.13,2026-03-07
P50030,SYN-7002,GULF-50030,2449.96,2026-04-01
P50031,SYN-7002,GULF-50031,2143.45,2026-05-08
P50032,SYN-7002,GULF-50032,3058.42,2026-05-31
P50033,SYN-7002,GULF-50033,1219.97,2026-07-02
P50034,SYN-7002,GULF-50034,1026.01,2026-08-04
P50035,SYN-7002,GULF-50035,1020.82,2026-09-07
P50037,SYN-7003,CITY-50037,3109.75,2025-04-30
P50038,SYN-7003,CITY-50038,3448.37,2025-05-30
P50039,SYN-7003,CITY-50039,3647.73,2025-07-03
P50040,SYN-7003,CITY-50040,3909.59,2025-08-04
P50041,SYN-7003,CITY-50041,3998.45,2025-08-30
P50042,SYN-7003,CITY-50042,4275.86,2025-10-04
P50043,SYN-7003,CITY-50043,3616.73,2025-11-04
P50044,SYN-7003,CITY-50044,3444.69,2025-12-05
P50045,SYN-7003,CITY-50045,3263.11,2025-12-30
P50046,SYN-7003,CITY-50046,2920.84,2026-02-02
P50047,SYN-7003,CITY-50047,3051.42,2026-03-06
P50048,SYN-7003,CITY-50048,2684.48,2026-04-01
P50049,SYN-7003,CITY-50049,3260.18,2026-05-05
P50050,SYN-7003,CITY-50050,6156.06,2026-06-04
P50051,SYN-7003,CITY-50051,3630.81,2026-07-05
P50052,SYN-7003,CITY-50052,3819.55,2026-07-31
P50053,SYN-7003,CITY-50053,3893.63,2026-08-31
P50055,SYN-7004,HAUL-50055,1477.55,2025-05-12
P50056,SYN-7004,HAUL-50056,1443.77,2025-06-09
P50057,SYN-7004,HAUL-50057,1529.59,2025-07-06
P50058,SYN-7004,HAUL-50058,1418.2,2025-08-13
P50059,SYN-7004,HAUL-50059,1515.38,2025-09-08
P50060,SYN-7004,HAUL-50060,1487.22,2025-10-09
P50061,SYN-7004,HAUL-50061,1354.24,2025-11-11
P50062,SYN-7004,HAUL-50062,1511.21,2025-12-12
P50063,SYN-7004,HAUL-50063,1462.21,2026-01-12
P50064,SYN-7004,HAUL-50064,1475.94,2026-02-08
P50065,SYN-7004,HAUL-50065,1469.88,2026-03-15
P50066,SYN-7004,HAUL-50066,1265.01,2026-04-13
P50067,SYN-7004,HAUL-50067,1528.73,2026-05-07
P50068,SYN-7004,HAUL-50068,1865.39,2026-06-08
P50069,SYN-7004,HAUL-50069,1469.63,2026-07-09
P50070,SYN-7004,HAUL-50070,1458.73,2026-08-04
P50071,SYN-7004,HAUL-50071,1493.89,2026-09-06
P50073,SYN-7005,METR-50073,2659.45,2025-05-01
P50074,SYN-7005,METR-50074,2995.02,2025-06-03
P50075,SYN-7005,METR-50075,3390.19,2025-06-28
P50076,SYN-7005,METR-50076,4878.96,2025-08-04
P50077,SYN-7005,METR-50077,6064.86,2025-08-29
P50078,SYN-7005,METR-50078,6168.84,2025-10-04
P50079,SYN-7005,METR-50079,4447.42,2025-11-04
P50080,SYN-7005,METR-50080,3332.4,2025-12-04
P50081,SYN-7005,METR-50081,2827.85,2026-01-03
P50082,SYN-7005,METR-50082,2838.37,2026-02-02
P50083,SYN-7005,METR-50083,2564.3,2026-03-05
P50084,SYN-7005,METR-50084,2340.66,2026-03-27
P50085,SYN-7005,METR-50085,2545.31,2026-05-03
P50086,SYN-7005,METR-50086,2764.83,2026-06-02
P50087,SYN-7005,METR-50087,6981.78,2026-07-02
P50088,SYN-7005,METR-50088,4885.67,2026-07-30
P50089,SYN-7005,METR-50089,5806.63,2026-09-02
P50091,SYN-7006,GULF-50091,2219.85,2025-05-07
P50092,SYN-7006,GULF-50092,1555.68,2025-06-08
P50093,SYN-7006,GULF-50093,1296.85,2025-07-05
P50094,SYN-7006,GULF-50094,1033.06,2025-08-05
P50095,SYN-7006,GULF-50095,1037.93,2025-08-30
P50096,SYN-7006,GULF-50096,972.51,2025-09-30
P50097,SYN-7006,GULF-50097,1069.0,2025-11-07
P50098,SYN-7006,GULF-50098,1524.05,2025-12-09
P50099,SYN-7006,GULF-50099,1874.91,2026-01-05
P50100,SYN-7006,GULF-50100,2626.15,2026-02-01
P50101,SYN-7006,GULF-50101,2901.66,2026-03-06
P50102,SYN-7006,GULF-50102,2386.02,2026-04-02
P50103,SYN-7006,GULF-50103,2217.42,2026-05-05
P50104,SYN-7006,GULF-50104,1603.34,2026-06-02
P50105,SYN-7006,GULF-50105,1322.91,2026-07-09
P50106,SYN-7006,GULF-50106,1022.38,2026-08-06
P50107,SYN-7006,GULF-50107,1249.45,2026-09-06
P50109,SYN-7007,CITY-50109,3213.32,2025-05-03
P50110,SYN-7007,CITY-50110,3215.66,2025-06-04
P50111,SYN-7007,CITY-50111,3626.19,2025-07-04
P50112,SYN-7007,CITY-50112,3618.46,2025-08-01
P50113,SYN-7007,CITY-50113,4244.74,2025-09-01
P50114,SYN-7007,CITY-50114,4243.24,2025-10-04
P50115,SYN-7007,CITY-50115,3743.14,2025-11-01
P50116,SYN-7007,CITY-50116,3381.82,2025-12-01
P50117,SYN-7007,CITY-50117,3060.93,2026-01-04
P50118,SYN-7007,CITY-50118,3040.92,2026-02-02
P50119,SYN-7007,CITY-50119,3138.06,2026-03-03
P50120,SYN-7007,CITY-50120,2834.27,2026-03-31
P50121,SYN-7007,CITY-50121,3159.88,2026-05-02
P50122,SYN-7007,CITY-50122,3157.93,2026-06-02
P50123,SYN-7007,CITY-50123,3554.41,2026-07-04
P50124,SYN-7007,CITY-50124,3736.71,2026-08-02
P50125,SYN-7007,CITY-50125,4232.12,2026-08-12
P50125b,SYN-7007,CITY-50125,4232.12,2026-08-16
P50127,SYN-7008,HAUL-50127,1292.68,2025-05-06
P50128,SYN-7008,HAUL-50128,1246.02,2025-06-10
P50129,SYN-7008,HAUL-50129,1261.2,2025-07-08
P50130,SYN-7008,HAUL-50130,1208.71,2025-08-05
P50131,SYN-7008,HAUL-50131,1287.98,2025-09-09
P50132,SYN-7008,HAUL-50132,1247.25,2025-10-13
P50133,SYN-7008,HAUL-50133,1244.67,2025-11-09
P50134,SYN-7008,HAUL-50134,1225.43,2025-12-05
P50135,SYN-7008,HAUL-50135,1295.17,2026-01-08
P50136,SYN-7008,HAUL-50136,1237.29,2026-02-03
P50137,SYN-7008,HAUL-50137,1242.94,2026-03-12
P50138,SYN-7008,HAUL-50138,1153.19,2026-04-09
P50139,SYN-7008,HAUL-50139,1252.96,2026-05-11
P50140,SYN-7008,HAUL-50140,1224.74,2026-06-07
P50141,SYN-7008,HAUL-50141,1261.9,2026-07-07
P50142,SYN-7008,HAUL-50142,1108.66,2026-07-12
P50143,SYN-7008,HAUL-50143,1238.24,2026-09-08
P50145,SYN-7009,METR-50145,3344.2,2025-05-03
P50146,SYN-7009,METR-50146,3523.79,2025-06-02
P50147,SYN-7009,METR-50147,4219.07,2025-07-02
P50148,SYN-7009,METR-50148,6007.06,2025-07-28
P50149,SYN-7009,METR-50149,7576.13,2025-09-04
P50150,SYN-7009,METR-50150,7459.73,2025-10-01
P50151,SYN-7009,METR-50151,5843.26,2025-11-04
P50152,SYN-7009,METR-50152,4542.05,2025-12-01
P50153,SYN-7009,METR-50153,3378.79,2025-12-29
P50154,SYN-7009,METR-50154,3630.86,2026-02-01
P50155,SYN-7009,METR-50155,3532.62,2026-03-07
P50156,SYN-7009,METR-50156,3003.33,2026-03-30
P50157,SYN-7009,METR-50157,3330.6,2026-05-02
P50158,SYN-7009,METR-50158,4250.34,2026-07-01
P50159,SYN-7009,METR-50159,6398.74,2026-07-28
P50160,SYN-7009,METR-50160,7243.22,2026-09-04
P50162,SYN-7010,GULF-50162,2085.65,2025-05-10
P50163,SYN-7010,GULF-50163,1474.31,2025-06-03
P50164,SYN-7010,GULF-50164,1221.56,2025-07-07
P50165,SYN-7010,GULF-50165,1052.49,2025-08-07
P50166,SYN-7010,GULF-50166,979.0,2025-09-08
P50167,SYN-7010,GULF-50167,1007.62,2025-10-08
P50168,SYN-7010,GULF-50168,983.98,2025-11-04
P50169,SYN-7010,GULF-50169,1414.31,2025-12-06
P50170,SYN-7010,GULF-50170,1805.7,2026-01-05
P50171,SYN-7010,GULF-50171,2549.09,2026-02-03
P50172,SYN-7010,GULF-50172,2917.95,2026-03-03
P50173,SYN-7010,GULF-50173,2271.47,2026-04-06
P50174,SYN-7010,GULF-50174,2017.99,2026-05-03
P50175,SYN-7010,GULF-50175,1518.84,2026-06-03
P50176,SYN-7010,GULF-50176,1221.2,2026-07-02
P50177,SYN-7010,GULF-50177,1019.11,2026-08-04
P50180,SYN-7011,CITY-50180,3372.5,2025-05-05
P50181,SYN-7011,CITY-50181,3546.67,2025-06-01
P50182,SYN-7011,CITY-50182,3991.27,2025-07-04
P50183,SYN-7011,CITY-50183,4247.65,2025-08-03
P50184,SYN-7011,CITY-50184,4251.6,2025-09-05
P50185,SYN-7011,CITY-50185,4519.34,2025-10-04
P50186,SYN-7011,CITY-50186,4053.11,2025-11-03
P50187,SYN-7011,CITY-50187,3760.53,2025-12-06
P50188,SYN-7011,CITY-50188,3498.89,2026-01-02
P50189,SYN-7011,CITY-50189,3253.48,2026-02-05
P50190,SYN-7011,CITY-50190,3265.21,2026-03-10
P50191,SYN-7011,CITY-50191,2852.61,2026-04-03
P50192,SYN-7011,CITY-50192,3467.01,2026-05-02
P50193,SYN-7011,CITY-50193,3714.8,2026-06-07
P50194,SYN-7011,CITY-50194,3738.99,2026-07-07
P50195,SYN-7011,CITY-50195,4004.24,2026-08-05
P50196,SYN-7011,CITY-50196,4416.74,2026-09-07
P50198,SYN-7012,HAUL-50198,953.39,2025-05-13
P50199,SYN-7012,HAUL-50199,897.96,2025-06-03
P50200,SYN-7012,HAUL-50200,938.53,2025-07-09
P50201,SYN-7012,HAUL-50201,933.37,2025-08-04
P50202,SYN-7012,HAUL-50202,951.54,2025-09-06
P50203,SYN-7012,HAUL-50203,939.83,2025-10-07
P50204,SYN-7012,HAUL-50204,936.61,2025-11-07
P50205,SYN-7012,HAUL-50205,969.58,2025-12-04
P50206,SYN-7012,HAUL-50206,927.89,2026-01-13
P50207,SYN-7012,HAUL-50207,967.84,2026-02-13
P50208,SYN-7012,HAUL-50208,952.55,2026-03-09
P50209,SYN-7012,HAUL-50209,870.02,2026-04-06
P50210,SYN-7012,HAUL-50210,967.14,2026-05-13
P50211,SYN-7012,HAUL-50211,926.55,2026-06-08
P50212,SYN-7012,HAUL-50212,942.98,2026-07-08
P50214,SYN-7012,HAUL-50214,915.91,2026-08-10
P50215,SYN-7012,HAUL-50215,961.63,2026-09-06
P50217,SYN-7014,METR-50217,10.26,2026-02-04
P50218,SYN-7014,METR-50218,12.43,2026-03-02
P50219,SYN-7014,METR-50219,12.27,2026-04-02
P50220,SYN-7014,METR-50220,10.42,2026-04-13
P50221,SYN-7015,CITY-50221,9.6,2026-02-05
P50222,SYN-7015,CITY-50222,11.22,2026-03-07
P50223,SYN-7015,CITY-50223,11.05,2026-04-02
P50224,SYN-7015,CITY-50224,9.83,2026-04-18
P50225,SYN-7016,METR-50225,9.18,2026-01-27
P50226,SYN-7016,METR-50226,12.22,2026-03-04
P50227,SYN-7016,METR-50227,11.11,2026-03-30
P50228,SYN-7017,CITY-50228,8.91,2026-02-01
P50229,SYN-7017,CITY-50229,11.44,2026-03-05
P50230,SYN-7017,CITY-50230,10.54,2026-03-29
P50231,SYN-7018,METR-50231,10.35,2026-02-28
P50232,SYN-7018,METR-50232,12.09,2026-04-04
P50233,SYN-7018,METR-50233,12.48,2026-05-05
P50234,SYN-7018,METR-50234,10.12,2026-05-17
P50235,SYN-7019,CITY-50235,9.99,2026-03-07
P50236,SYN-7019,CITY-50236,11.11,2026-04-05
P50237,SYN-7019,CITY-50237,11.45,2026-05-03
P50238,SYN-7019,CITY-50238,9.67,2026-05-15
P50239,SYN-7020,METR-50239,11.79,2026-06-30
P50240,SYN-7020,METR-50240,12.5,2026-08-03
P50241,SYN-7020,METR-50241,10.65,2026-08-24
P50242,SYN-7021,CITY-50242,123.32,2026-07-07
P50243,SYN-7021,CITY-50243,136.13,2026-08-06
P50244,SYN-7021,CITY-50244,10.25,2026-08-21
P50245,SYN-7022,METR-50245,10.16,2026-03-06
P50246,SYN-7022,METR-50246,12.01,2026-04-06
P50247,SYN-7022,METR-50247,10.53,2026-04-19
P50248,SYN-7023,CITY-50248,9.7,2026-03-07
P50249,SYN-7023,CITY-50249,11.17,2026-04-04
P50250,SYN-7023,CITY-50250,10.02,2026-04-21
P50251,SYN-7024,METR-50251,12.11,2025-10-04
P50252,SYN-7024,METR-50252,10.44,2025-10-20
P50253,SYN-7025,CITY-50253,10.98,2025-10-04
P50254,SYN-7025,CITY-50254,9.87,2025-10-19
P50255,SYN-7026,METR-50255,10.61,2026-01-31
P50256,SYN-7026,METR-50256,12.78,2026-03-02
P50257,SYN-7026,METR-50257,9.74,2026-03-17
P50258,SYN-7027,CITY-50258,9.99,2026-02-05
P50259,SYN-7027,CITY-50259,11.7,2026-03-09
P50260,SYN-7027,CITY-50260,9.44,2026-03-17
P50261,SYN-7028,METR-50261,10.97,2025-08-31
P50262,SYN-7028,METR-50262,11.73,2025-09-30
P50263,SYN-7029,CITY-50263,10.28,2025-09-02
P50264,SYN-7029,CITY-50264,10.63,2025-09-27
P50265,SYN-7030,METR-50265,8.31,2026-03-03
P50266,SYN-7030,METR-50266,12.28,2026-03-29
P50267,SYN-7030,METR-50267,12.85,2026-05-02
P50268,SYN-7030,METR-50268,12.36,2026-05-31
P50269,SYN-7031,CITY-50269,8.24,2026-03-04
P50270,SYN-7031,CITY-50270,11.11,2026-04-01
P50271,SYN-7031,CITY-50271,11.64,2026-05-05
P50272,SYN-7031,CITY-50272,11.54,2026-06-04
P50273,SYN-7013,METR-50273,3145.0,2026-08-28
