bill_id,account_no,vendor_invoice_no,period_start,period_end,usage,usage_unit,amount,late_fee,prior_balance,due_date,received_date,memo
A-2023,A,INV-A-2023,2023-01-01,2023-01-31,300,kWh,60,0,0,2024-03-01,2024-02-01,"  =SUM(1,2)
<script>window.utilityExecuted=1</script>
Zoë 李 ""quoted"" & literal  "
SHARED,A,INV-A-2024,2024-01-01,2024-01-31,300,kWh,60,8,0,2024-03-01,2024-02-01,"  =SUM(1,2)
<script>window.utilityExecuted=1</script>
Zoë 李 ""quoted"" & literal  "
B-2023,B,INV-B-2023,2023-01-01,2023-01-31,300,kWh,60,0,0,2024-03-01,2024-02-01,Other account: B
B-2024,B,INV-B-2024,2024-01-01,2024-01-31,300,kWh,60,0,0,2024-03-01,2024-02-01,Other account: B
C-2023,C,INV-C-2023,2023-01-01,2023-01-31,300,kWh,60,0,0,2024-03-01,2024-02-01,Other account: C
C-2024,C,INV-C-2024,2024-01-01,2024-01-31,600,kWh,120,0,0,2024-03-01,2024-02-01,Other account: C
D-2023,D,INV-D-2023,2023-01-01,2023-01-31,300,kWh,60,0,0,2024-03-01,2024-02-01,Other account: D
SHARED,D,INV-D-2024,2024-01-01,2024-01-31,300,kWh,60,5,0,2024-03-01,2024-02-01,Other account: D
