load_id,doc_type,received_at
LD260900,PICKUP_PHOTOS,2026-09-01 06:08
LD260900,DELIVERY_PHOTOS,2026-09-01 14:23
LD260900,POD,2026-09-01 22:05
LD260907,PICKUP_PHOTOS,2026-09-01 07:17
LD260907,POD,2026-09-03 01:21
LD260914,PICKUP_PHOTOS,2026-09-02 14:26
LD260914,POD,2026-09-05 03:46
LD260921,PICKUP_PHOTOS,2026-09-02 09:01
LD260921,DELIVERY_PHOTOS,2026-09-02 19:15
LD260921,POD,2026-09-02 22:09
LD260928,PICKUP_PHOTOS,2026-09-03 12:20
LD260928,DELIVERY_PHOTOS,2026-09-04 08:14
LD260928,POD,2026-09-06 23:47
LD260935,PICKUP_PHOTOS,2026-09-03 10:04
LD260935,POD,2026-09-04 10:20
LD260942,PICKUP_PHOTOS,2026-09-04 15:04
LD260942,DELIVERY_PHOTOS,2026-09-04 22:28
LD260942,POD,2026-09-07 10:04
LD260949,PICKUP_PHOTOS,2026-09-04 07:57
LD260949,POD,2026-09-06 08:47
LD260956,DELIVERY_PHOTOS,2026-09-06 06:50
LD260956,POD,2026-09-08 20:46
LD260963,PICKUP_PHOTOS,2026-09-05 07:26
LD260963,DELIVERY_PHOTOS,2026-09-05 21:45
LD260963,POD,2026-09-06 01:33
LD260970,PICKUP_PHOTOS,2026-09-06 07:02
LD260970,POD,2026-09-06 20:52
LD260977,PICKUP_PHOTOS,2026-09-06 07:08
LD260977,DELIVERY_PHOTOS,2026-09-07 04:25
LD260977,POD,2026-09-10 22:42
LD260984,PICKUP_PHOTOS,2026-09-07 12:39
LD260984,POD,2026-09-08 19:08
LD260991,PICKUP_PHOTOS,2026-09-07 07:03
LD260991,DELIVERY_PHOTOS,2026-09-07 15:01
LD260991,POD,2026-09-09 00:08
LD260998,PICKUP_PHOTOS,2026-09-08 05:56
LD260998,POD,2026-09-12 15:38
LD261005,PICKUP_PHOTOS,2026-09-08 11:08
LD261005,DELIVERY_PHOTOS,2026-09-09 04:12
LD261005,POD,2026-09-12 23:19
LD261012,PICKUP_PHOTOS,2026-09-09 07:15
LD261012,POD,2026-09-09 20:07
LD261019,PICKUP_PHOTOS,2026-09-09 08:35
LD261019,DELIVERY_PHOTOS,2026-09-09 23:36
LD261019,POD,2026-09-11 05:03
LD261026,DELIVERY_PHOTOS,2026-09-10 16:38
LD261026,POD,2026-09-11 23:10
LD261033,DELIVERY_PHOTOS,2026-09-10 17:20
LD261033,POD,2026-09-14 14:55
LD261040,PICKUP_PHOTOS,2026-09-11 07:23
LD261040,DELIVERY_PHOTOS,2026-09-11 21:30
LD261040,POD,2026-09-13 14:29
LD261047,PICKUP_PHOTOS,2026-09-11 14:26
LD261047,DELIVERY_PHOTOS,2026-09-12 11:18
LD261047,POD,2026-09-14 01:54
LD261054,DELIVERY_PHOTOS,2026-09-13 02:24
LD261061,PICKUP_PHOTOS,2026-09-12 08:37
LD261061,DELIVERY_PHOTOS,2026-09-12 15:53
LD261061,POD,2026-09-14 03:50
