Load Number,Carrier,Stop Sequence,Stop Name,Stop Type,Scheduled Appointment,Actual Arrival,Actual Departure,Tracking Method
LD260907,Caliche Carriers LLC,1,Permian Pipe & Valve,PICKUP,2026-09-01 07:00,2026-09-01 07:06,2026-09-01 08:14,ELD integration
LD260907,Caliche Carriers LLC,2,Lone Star Foods DC,DELIVERY,2026-09-01 15:00,2026-09-01 14:56,2026-09-01 19:21,ELD integration
LD260914,Pecos Freightways Inc,1,Gulf Coast Cold Storage,PICKUP,2026-09-02 14:00,2026-09-02 13:57,2026-09-02 17:07,ELD integration
LD260914,Pecos Freightways Inc,2,Metroplex Retail DC,DELIVERY,2026-09-03 10:00,2026-09-03 10:00,2026-09-03 11:46,ELD integration
LD260928,Caliche Carriers LLC,1,Brazos Building Supply,PICKUP,2026-09-03 12:00,2026-09-03 11:43,2026-09-03 13:31,ELD integration
LD260928,Caliche Carriers LLC,2,Rio Grande Produce Co,DELIVERY,2026-09-04 08:00,2026-09-04 07:54,2026-09-04 11:47,ELD integration
LD260935,Pecos Freightways Inc,1,Brazos Building Supply,PICKUP,2026-09-03 09:00,2026-09-03 08:47,2026-09-03 10:01,ELD integration
LD260935,Pecos Freightways Inc,2,Alamo Paper Converting,DELIVERY,2026-09-03 23:00,2026-09-03 20:53,2026-09-04 02:20,ELD integration
LD260949,Caliche Carriers LLC,1,Lone Star Foods DC,PICKUP,2026-09-04 07:00,2026-09-04 07:20,2026-09-04 11:38,ELD integration
LD260949,Caliche Carriers LLC,2,Brazos Building Supply,DELIVERY,2026-09-04 15:00,2026-09-04 14:53,2026-09-04 16:47,ELD integration
LD260956,Pecos Freightways Inc,1,Hill Country Beverage,PICKUP,2026-09-05 14:00,2026-09-05 14:06,2026-09-06 02:04,ELD integration
LD260956,Pecos Freightways Inc,2,Lone Star Foods DC,DELIVERY,2026-09-06 04:00,2026-09-06 05:53,2026-09-06 08:46,ELD integration
LD260970,Caliche Carriers LLC,1,Rio Grande Produce Co,PICKUP,2026-09-06 06:00,2026-09-06 06:09,,ELD integration
LD260970,Caliche Carriers LLC,2,Hill Country Beverage,DELIVERY,2026-09-06 16:00,2026-09-06 16:01,2026-09-06 17:52,ELD integration
LD260977,Pecos Freightways Inc,1,Gulf Coast Cold Storage,PICKUP,2026-09-06 07:00,2026-09-06 07:00,2026-09-06 19:01,ELD integration
LD260977,Pecos Freightways Inc,2,Metroplex Retail DC,DELIVERY,2026-09-07 03:00,2026-09-07 02:58,2026-09-07 04:42,ELD integration
LD260991,Caliche Carriers LLC,1,Permian Pipe & Valve,PICKUP,2026-09-07 07:00,2026-09-07 06:56,2026-09-07 07:43,ELD integration
LD260991,Caliche Carriers LLC,2,Metroplex Retail DC,DELIVERY,2026-09-07 15:00,2026-09-07 13:47,2026-09-07 18:08,ELD integration
LD260998,Pecos Freightways Inc,1,Alamo Paper Converting,PICKUP,2026-09-08 06:00,2026-09-08 05:48,2026-09-08 06:38,ELD integration
LD260998,Pecos Freightways Inc,2,Brazos Building Supply,DELIVERY,2026-09-08 20:00,2026-09-08 19:50,2026-09-08 21:38,ELD integration
LD261012,Caliche Carriers LLC,1,Brazos Building Supply,PICKUP,2026-09-09 06:00,2026-09-09 06:10,2026-09-09 07:07,ELD integration
LD261012,Caliche Carriers LLC,2,Permian Pipe & Valve,DELIVERY,2026-09-09 16:00,2026-09-09 15:57,2026-09-09 17:07,ELD integration
LD261019,Pecos Freightways Inc,1,Permian Pipe & Valve,PICKUP,2026-09-09 08:00,2026-09-09 08:02,2026-09-09 12:16,ELD integration
LD261019,Pecos Freightways Inc,2,Alamo Paper Converting,DELIVERY,2026-09-09 22:00,2026-09-09 22:10,2026-09-09 23:03,ELD integration
LD261033,Caliche Carriers LLC,1,Alamo Paper Converting,PICKUP,2026-09-10 08:00,2026-09-10 08:03,,ELD integration
LD261033,Caliche Carriers LLC,2,Permian Pipe & Valve,DELIVERY,2026-09-10 16:00,2026-09-10 15:51,2026-09-10 20:55,ELD integration
LD261040,Pecos Freightways Inc,1,Lone Star Foods DC,PICKUP,2026-09-11 07:00,2026-09-11 06:51,2026-09-11 07:38,ELD integration
LD261040,Pecos Freightways Inc,2,Alamo Paper Converting,DELIVERY,2026-09-11 21:00,2026-09-11 20:40,2026-09-11 22:29,ELD integration
LD261054,Caliche Carriers LLC,1,Hill Country Beverage,PICKUP,2026-09-12 06:00,2026-09-12 05:55,2026-09-12 07:12,ELD integration
LD261054,Caliche Carriers LLC,2,Lone Star Foods DC,DELIVERY,2026-09-13 02:00,2026-09-13 02:10,2026-09-13 03:37,ELD integration
LD261061,Pecos Freightways Inc,1,Brazos Building Supply,PICKUP,2026-09-12 08:00,2026-09-12 07:56,2026-09-12 08:41,ELD integration
LD261061,Pecos Freightways Inc,2,Alamo Paper Converting,DELIVERY,2026-09-12 18:00,2026-09-12 15:48,2026-09-12 21:50,ELD integration
