review_status,reviewer,note,row_state,kind,account_no,finding_key,code,property,utility,detail,evidence,as_of,eval_from,data_mode,row_id,finding_id,evidence_version,record_sha256
open,,,current,exception,SYN-7013,B50273,NO_BASELINE,Gaylord Ridge (synthetic),electric,no same-month bill last year; usage not judged,"[""bills.csv:274""]",2026-09-28,2026-03-01,synthetic,c896640dfc0d47f0a9341440fb54888a,d88d084506c12343fcb51ca5228bcf1a47e161af26ac7b026735e8269ea9c444,65e1fe43e3519c301e715c1cfde6f0439d4f6c5634516c051ad5c095a5e21d30,bf78060fb764d4e52c2bc3e9d2889cb5c38887fe976f667c6f361e6aa4088327
open,,,current,exception,SYN-7013,B50274,NO_BASELINE,Gaylord Ridge (synthetic),electric,no same-month bill last year; usage not judged,"[""bills.csv:275""]",2026-09-28,2026-03-01,synthetic,de92c18d093247f39e0d95c4e3cfda86,8a76bbc9da4b23c468cb4c9d7a9728cecc05d3173e3f460f6a0b1b4b1c134ec4,e6bdc15bac17eb59343475a9f9315497f038cf4adb0b69c66eca71b7d1b6caac,90d84461d1cdf5da6057db8a4de68f47f85c068a41ccb5eac328d0311087b44e
open,,,current,flag,SYN-7005,B50087,LATE_FEE_OR_PAST_DUE,Bayou Flats (synthetic),electric,"late fee $180.02, prior balance $3,222.36 on the bill","[""bills.csv:88""]",2026-09-28,2026-03-01,synthetic,72997c61de3642b4b8de7043aa85bfdf,a8ae5d25bdd085f56c3f65fd9fe9cca2c6fac0f7f340099a41868ff95bd3aecf,1246e951133f24fc7f39cb65dbf864c2da70196ac249d5358f83654c98bb75da,4e81aa1e0f35bfc214f6a6ce55a5902bb129a8eef84037b15dbcaef95f741ad2
open,,,current,flag,SYN-7006,B50107,PERIOD_OVERLAP,Bayou Flats (synthetic),gas,service period 2026-06-22..2026-07-31 overlaps prior bill B50106 (2026-06-01..2026-06-30); 9 days may be billed twice,"[""bills.csv:108"",""bills.csv:107""]",2026-09-28,2026-03-01,synthetic,0731d2bf1215489893a4143b07a1ce89,c22b61037a6aa0667cd20a17257d1694a11f6fcc456d79db0deb61eb1e42a327,1c6778eb2e39eed7e6040898d3f040193ce9cf1bbf86a91ce0edc2ac705ad77e,e4e59339cca10ff67dbff29604c4b1cc7f1c7b9290b2b5783fd898e32648b2d6
open,,,current,flag,SYN-7007,B50125,PAYMENT_MISMATCH,Bayou Flats (synthetic),water,"owed $4,232.12; 2 payment(s) totalling $8,464.24","[""bills.csv:126"",""payments.csv:120"",""payments.csv:121""]",2026-09-28,2026-03-01,synthetic,0d04a74530ac437f89a0d6a053331c3b,d9031301ff8ef36e560faf1ada796cd19ef0c178991cd51093b123aeaecf6cc2,8a51a885b31c4f031bb97b14219f7d154120125515c17a0079a202cce0e8c6a8,02e77ac8ff03fe1254aff083e272581a1c6fd51e33bf51a51af1ac9ffc56f11c
open,,,current,flag,SYN-7008,B50142,PAYMENT_MISMATCH,Bayou Flats (synthetic),trash,"owed $1,258.66; 1 payment(s) totalling $1,108.66","[""bills.csv:143"",""payments.csv:137""]",2026-09-28,2026-03-01,synthetic,948e566035c14bd499186ad947373be8,4941ae7ef35524a3c915c3c959855e9e492024e395fb8510b5a84831fcc952e6,64c75f6f7adc60879d5f51a76244a6445a8c0a583f493d4ccd38ca6e40a50bec,63051fc7c51d94a6c93997f8419ad1a8fbbabfb8fd425a6bd4972223c35dc971
open,,,current,flag,SYN-7021,B50242,VACANT_UNIT_USAGE,Bayou Flats (synthetic),water,unit 201 vacant; 0.360 kgal/day vs standby ceiling 0.05 (possible leak or running equipment),"[""bills.csv:243"",""occupancy.csv:5""]",2026-09-28,2026-03-01,synthetic,e0d70caf0b494255b473cf5944a7f3b3,529a3f36d44aee91514f08c62292785b3445bf3f759d92fc4c6112792b026229,4171848c33929c5891b556f6a86bc5c3d7a6b54b3aab4ee4b8aa384d2eaab747,17dcc7b6387bd295a92783ead2ab9a518138b7c7a884cfaccbc2482e7bae1f8c
open,,,current,flag,SYN-7021,B50243,VACANT_UNIT_USAGE,Bayou Flats (synthetic),water,unit 201 vacant; 0.360 kgal/day vs standby ceiling 0.05 (possible leak or running equipment),"[""bills.csv:244"",""occupancy.csv:5""]",2026-09-28,2026-03-01,synthetic,7d1b274678224ebf9f5c35d0b6ab867b,621220d51b5233f83f93dcdfd11c37cc32cac06436647ed021add4b3d8bef6ab,534924da630bfee93e6fafef54ca21bca83082969678333bea7cc4561803705b,d017eaa01b6a92c79e2eb3b2a8ed72d805817e347a9eb8aa97b161f2c91c015c
open,,,current,flag,SYN-7002,B50032,USAGE_SPIKE,Cypress Court (synthetic),gas,92.7 therm/day vs 49.4 same month last year (x1.88),"[""bills.csv:33"",""bills.csv:21""]",2026-09-28,2026-03-01,synthetic,7fa4fa7dc2f3465db93d7e5805b9b6b8,62a09e474177d99c7cec574b1b56c2c869ac4941c8cfd0be6842e62a0b207fa4,887fe4a19af86a078c2204ea0321ae7045837d6a37d1fb99585276b8200536e9,44a3dbd5274ae782f4f56ef3cc4889dcfc22530f1622c65103a6ac290aa4fa97
open,,,current,flag,SYN-7003,B50050,USAGE_SPIKE,Cypress Court (synthetic),water,17.9 kgal/day vs 10.0 same month last year (x1.79),"[""bills.csv:51"",""bills.csv:39""]",2026-09-28,2026-03-01,synthetic,47182385b9054c688b9c2b5a15a5b547,de9534d5b38877324df29740622af1699ed1c696e6914586b321f2c607667e96,4fb9535f7919b3a259f7fb0317ce3d8b757803415aaf640515f343dab4448e2b,623a242df4c67626d2f15674fa49043f38ac2b1139909374cb2a74de9cb2fb10
open,,,current,flag,SYN-7004,B50068,RATE_CHANGE,Cypress Court (synthetic),trash,$123.7817/pull vs trailing median $92.0173 (x1.35); check tariff/rate plan,"[""bills.csv:69""]",2026-09-28,2026-03-01,synthetic,30a95817a5f64a869de3ace78be43aab,a3266d25613b99a1d4d0c7b6f593820e471070964fc145b686f168f8007e3174,545ae01b18f3e0110e7ded95b12a74140b5710c8f469bcdb2844b29360b6a0e6,77b642aac1d6942763abb2a9b0c4ed1435d619002f7548eab7ef85d2ef5456c7
open,,,current,flag,SYN-7009,SYN-7009:2026-04-01,MISSING_BILL,Gaylord Ridge (synthetic),electric,no bill for service month 2026-04; check vendor portal / mail before a late fee lands,"[""accounts.csv:10""]",2026-09-28,2026-03-01,synthetic,65b8f76c9f454cb3830d9ed47f998857,db4bab6bbdd93b3367d16e49239e88294c8ed976e5862b4f7bf336486efa13c8,f6aada553ec5a3a4b0ccfb52fe1a9f34a7288b8c126170becaf2a5c95053cde3,33e7202cd37cb8770b9d4931d35106a4b7eb6e3707d018f07bde95be0172df1b
open,,,current,flag,SYN-7010,B50178,UNPAID_PAST_DUE,Gaylord Ridge (synthetic),gas,"due 2026-09-06, no payment on file","[""bills.csv:179""]",2026-09-28,2026-03-01,synthetic,7353557966524a36bff4044d4d04b193,fcfb60b086fcbf0c5b883f7bd17e23ae800409e5786cc1a471b0685021b00b17,e2d45648f2a7885a648ed07c69d577a0a27509d00b0fefe44e04ae58754e470b,7941775ec092ed4d99f5d89374b7661ec0916d0879d5e1d638e5294e71ea4a6d
open,,,current,flag,SYN-7012,B50213,DUPLICATE_BILL,Gaylord Ridge (synthetic),trash,"same invoice number as B50212 (HAUL-50212); hold, do not pay twice","[""bills.csv:214"",""bills.csv:213""]",2026-09-28,2026-03-01,synthetic,81542603d32a4c14b044094d66476866,794c90fb655f81192788e6a943b1bd584e81297fbf9043b8c6a5e0713211476c,fbe1ca0eec6cc85b7609910fd86ce4bda4d8ab31d5d93737891cee860512a50b,c0ef8690acf45078f7bb84c947ceb57ba4509c3d21bb5457da33297b66c9fa27
reviewed,Zoë 李,"Statement reviewed.
Vendor says ""credit next month""; keep the hold.",changed,flag,SYN-7005,B50087,LATE_FEE_OR_PAST_DUE,Bayou Flats (synthetic),electric,"late fee $179.02, prior balance $3,222.36 on the bill","[""bills.csv:88""]",2026-09-28,2026-03-01,synthetic,473c780683c54630a0f68ee7d58a471a,a8ae5d25bdd085f56c3f65fd9fe9cca2c6fac0f7f340099a41868ff95bd3aecf,030b7f6b169c53467b46271e32d840bf4786e50362c016fdce7d0190d9e9dd74,153a6c4bb7aee64e09efcee8e9f9871081a8b10690baed940992297c7996f134
,,,manifest,worksheet,,uwatch-review-v1,15,,,"Edit only review_status, reviewer and note on finding rows; keep this manifest.",[],2026-09-28,2026-03-01,synthetic,manifest,de741ff690c6f8482e9dce35c135a4e7a1f1c551ed1b7cac72e2732421e0eb66,582eb25a3924f45ef51765193a0b7fda8908856f961e17aa6bec520844aa1a2f,b60b24b958af8604be11a779ccd5752422244bd6b72ce98308d76ac0595a2d17
