claim_id,load_id,customer,stop,kind,facility,appointment,arrival,departure,dwell_min,free_min,billable_min,rate_per_hr,amount,capped,arrival_evidence,departure_evidence,ratecon
DET-FDC41B9FE7,LD260900,Texan Home Supply,2,delivery,Rio Grande Produce Co,2026-09-01 14:00:00,2026-09-01 13:51:00,2026-09-01 19:05:00,314,120,180,$75.00,$225.00,False,telematics.csv:row4,telematics.csv:row5,RC-48000.txt
DET-129C1A149C,LD260907,Mesquite Beverage Dist.,2,delivery,Lone Star Foods DC,2026-09-01 15:00:00,2026-09-01 14:56:00,2026-09-01 19:21:00,265,120,135,$75.00,$168.75,False,tracking_stops.csv:row3,tracking_stops.csv:row3,RC-48001.txt
DET-B34A842BB1,LD260914,Bluebonnet Grocers,1,pickup,Gulf Coast Cold Storage,2026-09-02 14:00:00,2026-09-02 13:57:00,2026-09-02 17:07:00,190,120,60,$60.00,$60.00,False,tracking_stops.csv:row4,tracking_stops.csv:row4,RC-48002.txt
DET-6AA0C0374F,LD260921,Bluebonnet Grocers,1,pickup,Permian Pipe & Valve,2026-09-02 08:00:00,2026-09-02 08:09:00,2026-09-02 13:06:00,297,120,165,$60.00,$165.00,False,telematics.csv:row6,telematics.csv:row7,RC-48003.txt
DET-70E434F598,LD260928,Mesquite Beverage Dist.,2,delivery,Rio Grande Produce Co,2026-09-04 08:00:00,2026-09-04 07:54:00,2026-09-04 11:47:00,233,180,45,$60.00,$45.00,False,tracking_stops.csv:row7,tracking_stops.csv:row7,RC-48004.txt
DET-6747007A8F,LD260935,Texan Home Supply,2,delivery,Alamo Paper Converting,2026-09-03 23:00:00,2026-09-03 20:53:00,2026-09-04 02:20:00,327,120,75,$75.00,$93.75,False,tracking_stops.csv:row9,tracking_stops.csv:row9,RC-48005.txt
DET-66F6B49517,LD260949,Bluebonnet Grocers,1,pickup,Lone Star Foods DC,2026-09-04 07:00:00,2026-09-04 07:20:00,2026-09-04 11:38:00,258,180,75,$60.00,$75.00,False,tracking_stops.csv:row10,tracking_stops.csv:row10,RC-48007.txt
DET-08C3E0D1BD,LD260956,Texan Home Supply,1,pickup,Hill Country Beverage,2026-09-05 14:00:00,2026-09-05 14:06:00,2026-09-06 02:04:00,718,120,585,$75.00,$500.00,True,tracking_stops.csv:row12,tracking_stops.csv:row12,RC-48008.txt
DET-56AFFF0156,LD260977,Bluebonnet Grocers,1,pickup,Gulf Coast Cold Storage,2026-09-06 07:00:00,2026-09-06 07:00:00,2026-09-06 19:01:00,721,120,600,$75.00,$500.00,True,tracking_stops.csv:row16,tracking_stops.csv:row16,RC-48011.txt
DET-9737FA7A98,LD260991,Texan Home Supply,2,delivery,Metroplex Retail DC,2026-09-07 15:00:00,2026-09-07 13:47:00,2026-09-07 18:08:00,261,120,60,$75.00,$75.00,False,tracking_stops.csv:row19,tracking_stops.csv:row19,RC-48013.txt
DET-3EB41103E0,LD261019,Texan Home Supply,1,pickup,Permian Pipe & Valve,2026-09-09 08:00:00,2026-09-09 08:02:00,2026-09-09 12:16:00,254,180,60,$50.00,$50.00,False,tracking_stops.csv:row24,tracking_stops.csv:row24,RC-48017.txt
DET-F1AF71C339,LD261033,Bluebonnet Grocers,2,delivery,Permian Pipe & Valve,2026-09-10 16:00:00,2026-09-10 15:51:00,2026-09-10 20:55:00,304,120,165,$75.00,$206.25,False,tracking_stops.csv:row27,tracking_stops.csv:row27,RC-48019.txt
DET-BBF1FC6FE5,LD261061,Bluebonnet Grocers,2,delivery,Alamo Paper Converting,2026-09-12 18:00:00,2026-09-12 15:48:00,2026-09-12 21:50:00,362,120,105,$50.00,$87.50,False,tracking_stops.csv:row33,tracking_stops.csv:row33,RC-48023.txt
