fine_id,load_id,carrier,code,amount,detail,notice_date,dispute_deadline,status,dispute_note,evidence
FINE-560112C4CD,LD260907,Caliche Carriers LLC,MISSING_DELIVERY_PHOTOS,$50.00,no delivery photos on file,2026-09-03,2026-09-10,assessed,,documents.csv (no DELIVERY_PHOTOS row);fines_schedule.csv:row3
FINE-81962849AB,LD260914,Pecos Freightways Inc,MISSING_DELIVERY_PHOTOS,$50.00,no delivery photos on file,2026-09-05,2026-09-12,assessed,,documents.csv (no DELIVERY_PHOTOS row);fines_schedule.csv:row3
FINE-D6198BB6B7,LD260928,Caliche Carriers LLC,LATE_POD,$100.00,"POD received 2026-09-06 23:47, 60h after final departure (limit 48h)",2026-09-06,2026-09-13,disputed_in_window,disputed 2026-09-08 (inside window): ELD outage; held pending review,documents.csv:row14;tracking_stops.csv:row7;fines_schedule.csv:row4;disputes.csv:row2
FINE-84ED7AF976,LD260935,Pecos Freightways Inc,MISSING_DELIVERY_PHOTOS,$50.00,no delivery photos on file,2026-09-05,2026-09-12,assessed,,documents.csv (no DELIVERY_PHOTOS row);fines_schedule.csv:row3
FINE-3DE0EE2F26,LD260949,Caliche Carriers LLC,MISSING_DELIVERY_PHOTOS,$50.00,no delivery photos on file,2026-09-06,2026-09-13,assessed,,documents.csv (no DELIVERY_PHOTOS row);fines_schedule.csv:row3
FINE-BBA9C7E764,LD260956,Pecos Freightways Inc,LATE_DELIVERY,$150.00,"stop 2 Lone Star Foods DC: appointment 2026-09-06 04:00, arrived 2026-09-06 05:53",2026-09-08,2026-09-15,disputed_in_window,disputed 2026-09-10 (inside window): ELD outage; held pending review,tracking_stops.csv:row13;fines_schedule.csv:row7;disputes.csv:row3
FINE-75BAF3D3B0,LD260956,Pecos Freightways Inc,LATE_POD,$100.00,"POD received 2026-09-08 20:46, 60h after final departure (limit 48h)",2026-09-08,2026-09-15,assessed,,documents.csv:row23;tracking_stops.csv:row13;fines_schedule.csv:row4
FINE-804A18EB66,LD260956,Pecos Freightways Inc,MISSING_PICKUP_PHOTOS,$50.00,no pickup photos on file,2026-09-08,2026-09-15,dispute_late,disputed 2026-09-17 after window closed 2026-09-15: ELD outage,documents.csv (no PICKUP_PHOTOS row);fines_schedule.csv:row2;disputes.csv:row4
FINE-BB11CD693E,LD260970,Caliche Carriers LLC,MISSING_DELIVERY_PHOTOS,$50.00,no delivery photos on file,2026-09-08,2026-09-15,disputed_in_window,disputed 2026-09-10 (inside window): receiver delayed check-in; held pending review,documents.csv (no DELIVERY_PHOTOS row);fines_schedule.csv:row3;disputes.csv:row5
FINE-C9C1D2D7AB,LD260970,Caliche Carriers LLC,TRACKING_GAP,$150.00,stop 1 Rio Grande Produce Co: tracking shows arrival but no departure (tracking not maintained),2026-09-08,2026-09-15,assessed,,tracking_stops.csv:row14;fines_schedule.csv:row5
FINE-3F89497CF6,LD260977,Pecos Freightways Inc,LATE_POD,$100.00,"POD received 2026-09-10 22:42, 90h after final departure (limit 48h)",2026-09-09,2026-09-16,disputed_in_window,disputed 2026-09-11 (inside window): ELD outage; held pending review,documents.csv:row31;tracking_stops.csv:row17;fines_schedule.csv:row4;disputes.csv:row6
FINE-1D85169DF3,LD260998,Pecos Freightways Inc,LATE_POD,$100.00,"POD received 2026-09-12 15:38, 90h after final departure (limit 48h)",2026-09-10,2026-09-17,assessed,,documents.csv:row38;tracking_stops.csv:row21;fines_schedule.csv:row4
FINE-88CDE6399C,LD260998,Pecos Freightways Inc,MISSING_DELIVERY_PHOTOS,$50.00,no delivery photos on file,2026-09-10,2026-09-17,assessed,,documents.csv (no DELIVERY_PHOTOS row);fines_schedule.csv:row3
FINE-63F3CD14F4,LD261012,Caliche Carriers LLC,MISSING_DELIVERY_PHOTOS,$50.00,no delivery photos on file,2026-09-11,2026-09-18,assessed,,documents.csv (no DELIVERY_PHOTOS row);fines_schedule.csv:row3
FINE-A845E24029,LD261033,Caliche Carriers LLC,LATE_POD,$100.00,"POD received 2026-09-14 14:55, 90h after final departure (limit 48h)",2026-09-12,2026-09-19,assessed,,documents.csv:row50;tracking_stops.csv:row27;fines_schedule.csv:row4
FINE-7FA9196FCE,LD261033,Caliche Carriers LLC,MISSING_PICKUP_PHOTOS,$50.00,no pickup photos on file,2026-09-12,2026-09-19,assessed,,documents.csv (no PICKUP_PHOTOS row);fines_schedule.csv:row2
FINE-2CBB819875,LD261033,Caliche Carriers LLC,TRACKING_GAP,$150.00,stop 1 Alamo Paper Converting: tracking shows arrival but no departure (tracking not maintained),2026-09-12,2026-09-19,assessed,,tracking_stops.csv:row26;fines_schedule.csv:row5
FINE-85DF3C2828,LD261054,Caliche Carriers LLC,MISSING_PICKUP_PHOTOS,$50.00,no pickup photos on file,2026-09-15,2026-09-22,dispute_late,disputed 2026-09-24 after window closed 2026-09-22: receiver delayed check-in,documents.csv (no PICKUP_PHOTOS row);fines_schedule.csv:row2;disputes.csv:row7
