auth_no,patient_id,patient_name,payer_id,start,end,authorized,used,scheduled,remaining,remaining_after_scheduled,days_left,status
AUTH-70000,SYN-1001,Test Finley A.,PAY-MA,2026-08-19,2026-11-12,30,14,9,16,7,45,active
AUTH-70003,SYN-1002,Test Morgan B.,PAY-COMM1,2026-09-08,2026-12-07,8,6,2,2,0,70,active
AUTH-70006,SYN-1003,Test Logan C.,PAY-MA,2026-09-03,2026-10-10,30,8,5,22,17,12,active
AUTH-70009,SYN-1004,Test Morgan D.,PAY-COMM1,2026-08-24,2026-10-07,33,11,4,22,18,9,active
AUTH-70012,SYN-1005,Test Gray E.,PAY-COMM1,2026-09-12,2026-09-22,40,2,0,38,38,-6,expired
AUTH-70015,SYN-1006,Test Blair F.,PAY-COMM1,2026-08-04,2026-10-01,36,15,1,21,20,3,active
AUTH-70018,SYN-1007,Test Blair G.,PAY-WC,2026-09-17,2026-09-30,25,4,1,21,20,2,active
AUTH-70019,SYN-1007,Test Blair G.,PAY-WC,2026-10-01,2026-11-30,12,0,10,12,2,63,active
AUTH-70024,SYN-1009,Test Harper I.,PAY-MA,2026-09-06,2026-12-05,22,7,8,15,7,68,active
AUTH-70027,SYN-1010,Test Morgan J.,PAY-MA,2026-08-15,2026-10-01,34,14,1,20,19,3,active
AUTH-70030,SYN-1011,Test Oakley K.,PAY-COMM2,2026-08-19,2026-11-17,26,13,9,13,4,50,active
AUTH-70033,SYN-1012,Test Alex L.,PAY-COMM1,2026-08-18,2026-10-06,32,12,3,20,17,8,active
AUTH-70036,SYN-1013,Test Harper M.,PAY-COMM2,2026-08-05,2026-10-02,38,18,1,20,19,4,active
AUTH-70039,SYN-1014,Test Taylor N.,PAY-MA,2026-09-09,2026-11-27,7,6,1,1,0,60,active
AUTH-70042,SYN-1015,Test Jordan O.,PAY-MA,2026-09-10,2026-12-09,23,7,9,16,7,72,active
AUTH-70045,SYN-1016,Test Logan P.,PAY-COMM1,2026-09-16,2026-11-09,19,2,11,17,6,42,active
AUTH-70048,SYN-1017,Test Oakley Q.,PAY-MA,2026-09-07,2026-10-06,27,7,4,20,16,8,active
AUTH-70051,SYN-1018,Test Morgan R.,PAY-MA,2026-08-15,2026-11-13,29,15,8,14,6,46,active
AUTH-70054,SYN-1019,Test Finley S.,PAY-COMM1,2026-08-25,2026-11-08,24,9,9,15,6,41,active
AUTH-70057,SYN-1020,Test Finley T.,PAY-COMM1,2026-08-25,2026-10-04,32,10,3,22,19,6,active
AUTH-70060,SYN-1021,Test Jordan U.,PAY-COMM2,2026-09-01,2026-10-04,29,8,3,21,18,6,active
AUTH-70063,SYN-1022,Test Harper V.,PAY-WC,2026-08-27,2026-11-27,13,10,3,3,0,60,active
AUTH-70066,SYN-1023,Test Kai W.,PAY-COMM1,2026-08-04,2026-10-03,40,17,1,23,22,5,active
AUTH-70069,SYN-1024,Test Jordan X.,PAY-WC,2026-09-14,2026-11-27,4,4,0,0,0,60,active
AUTH-70072,SYN-1025,Test Casey Y.,PAY-COMM2,2026-08-10,2026-10-02,36,16,2,20,18,4,active
AUTH-70075,SYN-1026,Test Harper Z.,PAY-COMM1,2026-08-09,2026-11-27,17,15,2,2,0,60,active
AUTH-70078,SYN-1027,Test Indy A.,PAY-COMM1,2026-08-10,2026-10-04,37,16,2,21,19,6,active
AUTH-70081,SYN-1028,Test Devon B.,PAY-COMM2,2026-08-21,2026-11-27,15,13,2,2,0,60,active
AUTH-70084,SYN-1029,Test Jordan C.,PAY-WC,2026-08-22,2026-10-03,34,11,3,23,20,5,active
AUTH-70085,SYN-1029,Test Jordan C.,PAY-WC,2026-10-04,2026-12-03,12,0,8,12,4,66,active
AUTH-70087,SYN-1030,Test Noel D.,PAY-COMM2,2026-08-19,2026-10-03,31,10,2,21,19,5,active
AUTH-70090,SYN-1031,Test Blair E.,PAY-COMM1,2026-09-13,2026-10-02,27,5,2,22,20,4,active
AUTH-70093,SYN-1032,Test Gray F.,PAY-MA,2026-09-06,2026-10-10,29,9,4,20,16,12,active
AUTH-70099,SYN-1034,Test Sage H.,PAY-MA,2026-08-27,2026-10-01,31,10,1,21,20,3,active
AUTH-70100,SYN-1034,Test Sage H.,PAY-MA,2026-10-02,2026-12-01,12,0,9,12,3,64,active
AUTH-70102,SYN-1035,Test Kai I.,PAY-COMM2,2026-08-23,2026-11-21,25,11,9,14,5,54,active
AUTH-70105,SYN-1036,Test Oakley J.,PAY-WC,2026-08-12,2026-11-27,19,16,3,3,0,60,active
AUTH-70108,SYN-1037,Test Casey K.,PAY-COMM2,2026-08-09,2026-11-27,18,16,2,2,0,60,active
AUTH-70111,SYN-1038,Test Indy L.,PAY-COMM1,2026-09-05,2026-10-01,28,6,2,22,20,3,active
AUTH-70114,SYN-1039,Test Morgan M.,PAY-MA,2026-08-04,2026-10-04,40,19,3,21,18,6,active
AUTH-70117,SYN-1040,Test Alex N.,PAY-MA,2026-08-04,2026-11-12,33,18,9,15,6,45,active
