priority,patient_id,patient_name,clinic,payer,auth_no,reasons,visits_used,visits_authorized,visits_remaining,scheduled_in_window,auth_end,days_left,next_visit,submit_by,detail,evidence
P1,SYN-1014,Test Taylor N.,Clinic North (synthetic),Medicare Advantage Plan (placeholder),AUTH-70039,UNCOVERED_VISIT|REAUTH_BY_VISITS,6,7,1,1,2026-11-27,60,2026-09-30,2026-09-23,"8 scheduled visit(s) outside any approved auth, first 2026-10-04 (V1271, V1272, V1273, V1274 ...) / 1 of 7 visits left (payer threshold 4)",schedule.csv:row272;schedule.csv:row273;schedule.csv:row274;schedule.csv:row275;schedule.csv:row276;schedule.csv:row277;schedule.csv:row278;schedule.csv:row279;authorizations.csv:row18
P1,SYN-1038,Test Indy L.,Clinic North (synthetic),Commercial Plan A (placeholder),AUTH-70111,UNCOVERED_VISIT|REAUTH_BY_DATE,6,28,22,2,2026-10-01,3,2026-09-29,2026-09-26,"9 scheduled visit(s) outside any approved auth, first 2026-10-03 (V1777, V1778, V1779, V1780 ...) / auth ends 2026-10-01 (3 days); 11 visit(s) still scheduled",schedule.csv:row778;schedule.csv:row779;schedule.csv:row780;schedule.csv:row781;schedule.csv:row782;schedule.csv:row783;schedule.csv:row784;schedule.csv:row785;schedule.csv:row786;authorizations.csv:row44
P1,SYN-1037,Test Casey K.,Clinic Lake (synthetic),Commercial Plan B (placeholder),AUTH-70108,UNCOVERED_VISIT|REAUTH_BY_VISITS,16,18,2,2,2026-11-27,60,2026-09-28,2026-09-27,"8 scheduled visit(s) outside any approved auth, first 2026-10-03 (V1760, V1761, V1762, V1763 ...) / 2 of 18 visits left (payer threshold 2)",schedule.csv:row761;schedule.csv:row762;schedule.csv:row763;schedule.csv:row764;schedule.csv:row765;schedule.csv:row766;schedule.csv:row767;schedule.csv:row768;authorizations.csv:row43
P1,SYN-1026,Test Harper Z.,Clinic North (synthetic),Commercial Plan A (placeholder),AUTH-70075,UNCOVERED_VISIT|REAUTH_BY_VISITS,15,17,2,2,2026-11-27,60,2026-09-29,2026-09-27,"9 scheduled visit(s) outside any approved auth, first 2026-10-05 (V1517, V1518, V1519, V1520 ...) / 2 of 17 visits left (payer threshold 3)",schedule.csv:row518;schedule.csv:row519;schedule.csv:row520;schedule.csv:row521;schedule.csv:row522;schedule.csv:row523;schedule.csv:row524;schedule.csv:row525;schedule.csv:row526;authorizations.csv:row30
P1,SYN-1023,Test Kai W.,Clinic North (synthetic),Commercial Plan A (placeholder),AUTH-70066,UNCOVERED_VISIT|REAUTH_BY_DATE,17,40,23,1,2026-10-03,5,2026-09-30,2026-09-28,"9 scheduled visit(s) outside any approved auth, first 2026-10-04 (V1451, V1452, V1453, V1454 ...) / auth ends 2026-10-03 (5 days); 10 visit(s) still scheduled",schedule.csv:row452;schedule.csv:row453;schedule.csv:row454;schedule.csv:row455;schedule.csv:row456;schedule.csv:row457;schedule.csv:row458;schedule.csv:row459;schedule.csv:row460;authorizations.csv:row27
P1,SYN-1025,Test Casey Y.,Clinic North (synthetic),Commercial Plan B (placeholder),AUTH-70072,UNCOVERED_VISIT|REAUTH_BY_DATE,16,36,20,2,2026-10-02,4,2026-09-28,2026-09-29,"8 scheduled visit(s) outside any approved auth, first 2026-10-04 (V1491, V1492, V1493, V1494 ...) / auth ends 2026-10-02 (4 days); 10 visit(s) still scheduled",schedule.csv:row492;schedule.csv:row493;schedule.csv:row494;schedule.csv:row495;schedule.csv:row496;schedule.csv:row497;schedule.csv:row498;schedule.csv:row499;authorizations.csv:row29
P1,SYN-1027,Test Indy A.,Clinic Lake (synthetic),Commercial Plan A (placeholder),AUTH-70078,UNCOVERED_VISIT|REAUTH_BY_DATE,16,37,21,2,2026-10-04,6,2026-09-29,2026-09-29,"8 scheduled visit(s) outside any approved auth, first 2026-10-05 (V1545, V1546, V1547, V1548 ...) / auth ends 2026-10-04 (6 days); 10 visit(s) still scheduled",schedule.csv:row546;schedule.csv:row547;schedule.csv:row548;schedule.csv:row549;schedule.csv:row550;schedule.csv:row551;schedule.csv:row552;schedule.csv:row553;authorizations.csv:row31
P1,SYN-1028,Test Devon B.,Clinic North (synthetic),Commercial Plan B (placeholder),AUTH-70081,UNCOVERED_VISIT|REAUTH_BY_VISITS,13,15,2,2,2026-11-27,60,2026-09-30,2026-09-29,"8 scheduled visit(s) outside any approved auth, first 2026-10-05 (V1568, V1569, V1570, V1571 ...) / 2 of 15 visits left (payer threshold 2)",schedule.csv:row569;schedule.csv:row570;schedule.csv:row571;schedule.csv:row572;schedule.csv:row573;schedule.csv:row574;schedule.csv:row575;schedule.csv:row576;authorizations.csv:row32
P1,SYN-1030,Test Noel D.,Clinic West (synthetic),Commercial Plan B (placeholder),AUTH-70087,UNCOVERED_VISIT|REAUTH_BY_DATE,10,31,21,2,2026-10-03,5,2026-09-28,2026-09-30,"8 scheduled visit(s) outside any approved auth, first 2026-10-05 (V1613, V1614, V1615, V1616 ...) / auth ends 2026-10-03 (5 days); 10 visit(s) still scheduled",schedule.csv:row614;schedule.csv:row615;schedule.csv:row616;schedule.csv:row617;schedule.csv:row618;schedule.csv:row619;schedule.csv:row620;schedule.csv:row621;authorizations.csv:row35
P1,SYN-1024,Test Jordan X.,Clinic West (synthetic),Workers Comp Carrier (placeholder),AUTH-70069,UNCOVERED_VISIT|REAUTH_BY_VISITS,4,4,0,0,2026-11-27,60,2026-09-28,2026-11-17,"9 scheduled visit(s) outside any approved auth, first 2026-09-28 (V1464, V1465, V1466, V1467 ...) / 0 of 4 visits left (payer threshold 2)",schedule.csv:row465;schedule.csv:row466;schedule.csv:row467;schedule.csv:row468;schedule.csv:row469;schedule.csv:row470;schedule.csv:row471;schedule.csv:row472;schedule.csv:row473;authorizations.csv:row28
P1,SYN-1005,Test Gray E.,Clinic West (synthetic),Commercial Plan A (placeholder),AUTH-70012,UNAUTHORIZED_DONE|UNCOVERED_VISIT,2,40,38,0,2026-09-22,-6,2026-09-29,,"8 scheduled visit(s) outside any approved auth, first 2026-09-29 (V1088, V1089, V1090, V1091 ...) / completed visit 2026-09-23 (V1086) had no covering approved auth / completed visit 2026-09-27 (V1087) had no covering approved auth",schedule.csv:row87;schedule.csv:row88;schedule.csv:row89;schedule.csv:row90;schedule.csv:row91;schedule.csv:row92;schedule.csv:row93;schedule.csv:row94;schedule.csv:row95;schedule.csv:row96
P2,SYN-1017,Test Oakley Q.,Clinic Lake (synthetic),Medicare Advantage Plan (placeholder),AUTH-70048,UNCOVERED_VISIT|REAUTH_BY_DATE,7,27,20,4,2026-10-06,8,2026-09-28,2026-09-29,"6 scheduled visit(s) outside any approved auth, first 2026-10-10 (V1321, V1322, V1323, V1324 ...) / auth ends 2026-10-06 (8 days); 10 visit(s) still scheduled",schedule.csv:row322;schedule.csv:row323;schedule.csv:row324;schedule.csv:row325;schedule.csv:row326;schedule.csv:row327;authorizations.csv:row21
P2,SYN-1020,Test Finley T.,Clinic North (synthetic),Commercial Plan A (placeholder),AUTH-70057,UNCOVERED_VISIT|REAUTH_BY_DATE,10,32,22,3,2026-10-04,6,2026-09-29,2026-09-29,"7 scheduled visit(s) outside any approved auth, first 2026-10-06 (V1384, V1385, V1386, V1387 ...) / auth ends 2026-10-04 (6 days); 10 visit(s) still scheduled",schedule.csv:row385;schedule.csv:row386;schedule.csv:row387;schedule.csv:row388;schedule.csv:row389;schedule.csv:row390;schedule.csv:row391;authorizations.csv:row24
P2,SYN-1002,Test Morgan B.,Clinic West (synthetic),Commercial Plan A (placeholder),AUTH-70003,UNCOVERED_VISIT|REAUTH_BY_VISITS,6,8,2,2,2026-12-07,70,2026-09-30,2026-09-29,"6 scheduled visit(s) outside any approved auth, first 2026-10-06 (V1034, V1035, V1036, V1037 ...) / 2 of 8 visits left (payer threshold 3)",schedule.csv:row35;schedule.csv:row36;schedule.csv:row37;schedule.csv:row38;schedule.csv:row39;schedule.csv:row40;authorizations.csv:row3
P2,SYN-1012,Test Alex L.,Clinic Lake (synthetic),Commercial Plan A (placeholder),AUTH-70033,UNCOVERED_VISIT|REAUTH_BY_DATE,12,32,20,3,2026-10-06,8,2026-09-29,2026-10-01,"6 scheduled visit(s) outside any approved auth, first 2026-10-10 (V1230, V1231, V1232, V1233 ...) / auth ends 2026-10-06 (8 days); 9 visit(s) still scheduled",schedule.csv:row231;schedule.csv:row232;schedule.csv:row233;schedule.csv:row234;schedule.csv:row235;schedule.csv:row236;authorizations.csv:row15
P2,SYN-1021,Test Jordan U.,Clinic Lake (synthetic),Commercial Plan B (placeholder),AUTH-70060,UNCOVERED_VISIT|REAUTH_BY_DATE,8,29,21,3,2026-10-04,6,2026-09-29,2026-10-01,"7 scheduled visit(s) outside any approved auth, first 2026-10-06 (V1403, V1404, V1405, V1406 ...) / auth ends 2026-10-04 (6 days); 10 visit(s) still scheduled",schedule.csv:row404;schedule.csv:row405;schedule.csv:row406;schedule.csv:row407;schedule.csv:row408;schedule.csv:row409;schedule.csv:row410;authorizations.csv:row25
P2,SYN-1004,Test Morgan D.,Clinic North (synthetic),Commercial Plan A (placeholder),AUTH-70009,UNCOVERED_VISIT|REAUTH_BY_DATE,11,33,22,4,2026-10-07,9,2026-09-28,2026-10-02,"7 scheduled visit(s) outside any approved auth, first 2026-10-09 (V1076, V1077, V1078, V1079 ...) / auth ends 2026-10-07 (9 days); 11 visit(s) still scheduled",schedule.csv:row77;schedule.csv:row78;schedule.csv:row79;schedule.csv:row80;schedule.csv:row81;schedule.csv:row82;schedule.csv:row83;authorizations.csv:row5
P2,SYN-1032,Test Gray F.,Clinic West (synthetic),Medicare Advantage Plan (placeholder),AUTH-70093,UNCOVERED_VISIT|REAUTH_BY_DATE,9,29,20,4,2026-10-10,12,2026-09-29,2026-10-03,"6 scheduled visit(s) outside any approved auth, first 2026-10-11 (V1651, V1652, V1653, V1654 ...) / auth ends 2026-10-10 (12 days); 10 visit(s) still scheduled",schedule.csv:row652;schedule.csv:row653;schedule.csv:row654;schedule.csv:row655;schedule.csv:row656;schedule.csv:row657;authorizations.csv:row38
P2,SYN-1003,Test Logan C.,Clinic West (synthetic),Medicare Advantage Plan (placeholder),AUTH-70006,UNCOVERED_VISIT|REAUTH_BY_DATE,8,30,22,5,2026-10-10,12,2026-09-30,2026-10-03,"6 scheduled visit(s) outside any approved auth, first 2026-10-12 (V1054, V1055, V1056, V1057 ...) / auth ends 2026-10-10 (12 days); 11 visit(s) still scheduled",schedule.csv:row55;schedule.csv:row56;schedule.csv:row57;schedule.csv:row58;schedule.csv:row59;schedule.csv:row60;authorizations.csv:row4
P2,SYN-1006,Test Blair F.,Clinic West (synthetic),Commercial Plan A (placeholder),AUTH-70016,PENDING_FOLLOWUP,,,,,,,2026-09-29,,visit 2026-10-02 relies on PENDING auth AUTH-70016; follow up with payer / visit 2026-10-06 relies on PENDING auth AUTH-70016; follow up with payer / visit 2026-10-10 relies on PENDING auth AUTH-70016; follow up with payer / visit 2026-10-12 relies on PENDING auth AUTH-70016; follow up with payer / visit 2026-10-14 relies on PENDING auth AUTH-70016; follow up with payer / visit 2026-10-17 relies on PENDING auth AUTH-70016; follow up with payer / visit 2026-10-19 relies on PENDING auth AUTH-70016; follow up with payer / visit 2026-10-22 relies on PENDING auth AUTH-70016; follow up with payer / visit 2026-10-25 relies on PENDING auth AUTH-70016; follow up with payer,schedule.csv:row114;schedule.csv:row115;schedule.csv:row116;schedule.csv:row117;schedule.csv:row118;schedule.csv:row119;schedule.csv:row120;schedule.csv:row121;schedule.csv:row122
P2,SYN-1010,Test Morgan J.,Clinic Lake (synthetic),Medicare Advantage Plan (placeholder),AUTH-70028,PENDING_FOLLOWUP,,,,,,,2026-09-29,,visit 2026-10-03 relies on PENDING auth AUTH-70028; follow up with payer / visit 2026-10-06 relies on PENDING auth AUTH-70028; follow up with payer / visit 2026-10-10 relies on PENDING auth AUTH-70028; follow up with payer / visit 2026-10-12 relies on PENDING auth AUTH-70028; follow up with payer / visit 2026-10-14 relies on PENDING auth AUTH-70028; follow up with payer / visit 2026-10-17 relies on PENDING auth AUTH-70028; follow up with payer / visit 2026-10-21 relies on PENDING auth AUTH-70028; follow up with payer / visit 2026-10-23 relies on PENDING auth AUTH-70028; follow up with payer,schedule.csv:row185;schedule.csv:row186;schedule.csv:row187;schedule.csv:row188;schedule.csv:row189;schedule.csv:row190;schedule.csv:row191;schedule.csv:row192
P2,SYN-1022,Test Harper V.,Clinic West (synthetic),Workers Comp Carrier (placeholder),AUTH-70063,UNCOVERED_VISIT,10,13,3,3,2026-11-27,60,2026-09-29,,"6 scheduled visit(s) outside any approved auth, first 2026-10-09 (V1424, V1425, V1426, V1427 ...)",schedule.csv:row425;schedule.csv:row426;schedule.csv:row427;schedule.csv:row428;schedule.csv:row429;schedule.csv:row430
P2,SYN-1031,Test Blair E.,Clinic North (synthetic),Commercial Plan A (placeholder),AUTH-70091,PENDING_FOLLOWUP,,,,,,,2026-09-29,,visit 2026-10-03 relies on PENDING auth AUTH-70091; follow up with payer / visit 2026-10-06 relies on PENDING auth AUTH-70091; follow up with payer / visit 2026-10-10 relies on PENDING auth AUTH-70091; follow up with payer / visit 2026-10-13 relies on PENDING auth AUTH-70091; follow up with payer / visit 2026-10-15 relies on PENDING auth AUTH-70091; follow up with payer / visit 2026-10-17 relies on PENDING auth AUTH-70091; follow up with payer / visit 2026-10-20 relies on PENDING auth AUTH-70091; follow up with payer / visit 2026-10-23 relies on PENDING auth AUTH-70091; follow up with payer,schedule.csv:row631;schedule.csv:row632;schedule.csv:row633;schedule.csv:row634;schedule.csv:row635;schedule.csv:row636;schedule.csv:row637;schedule.csv:row638
P2,SYN-1013,Test Harper M.,Clinic North (synthetic),Commercial Plan B (placeholder),AUTH-70037,PENDING_FOLLOWUP,,,,,,,2026-09-30,,visit 2026-10-04 relies on PENDING auth AUTH-70037; follow up with payer / visit 2026-10-07 relies on PENDING auth AUTH-70037; follow up with payer / visit 2026-10-11 relies on PENDING auth AUTH-70037; follow up with payer / visit 2026-10-13 relies on PENDING auth AUTH-70037; follow up with payer / visit 2026-10-16 relies on PENDING auth AUTH-70037; follow up with payer / visit 2026-10-19 relies on PENDING auth AUTH-70037; follow up with payer / visit 2026-10-22 relies on PENDING auth AUTH-70037; follow up with payer / visit 2026-10-26 relies on PENDING auth AUTH-70037; follow up with payer,schedule.csv:row257;schedule.csv:row258;schedule.csv:row259;schedule.csv:row260;schedule.csv:row261;schedule.csv:row262;schedule.csv:row263;schedule.csv:row264
P2,SYN-1036,Test Oakley J.,Clinic Lake (synthetic),Workers Comp Carrier (placeholder),AUTH-70105,UNCOVERED_VISIT,16,19,3,3,2026-11-27,60,2026-09-30,,"5 scheduled visit(s) outside any approved auth, first 2026-10-10 (V1736, V1737, V1738, V1739 ...)",schedule.csv:row737;schedule.csv:row738;schedule.csv:row739;schedule.csv:row740;schedule.csv:row741
P2,SYN-1039,Test Morgan M.,Clinic West (synthetic),Medicare Advantage Plan (placeholder),AUTH-70115,PENDING_FOLLOWUP,,,,,,,2026-09-30,,visit 2026-10-07 relies on PENDING auth AUTH-70115; follow up with payer / visit 2026-10-10 relies on PENDING auth AUTH-70115; follow up with payer / visit 2026-10-12 relies on PENDING auth AUTH-70115; follow up with payer / visit 2026-10-15 relies on PENDING auth AUTH-70115; follow up with payer / visit 2026-10-18 relies on PENDING auth AUTH-70115; follow up with payer / visit 2026-10-22 relies on PENDING auth AUTH-70115; follow up with payer / visit 2026-10-24 relies on PENDING auth AUTH-70115; follow up with payer,schedule.csv:row810;schedule.csv:row811;schedule.csv:row812;schedule.csv:row813;schedule.csv:row814;schedule.csv:row815;schedule.csv:row816
