auth_no,patient_id,payer_id,visits_authorized,start_date,end_date,status
AUTH-70000,SYN-1001,PAY-MA,30,2026-08-19,2026-11-12,approved
AUTH-70003,SYN-1002,PAY-COMM1,8,2026-09-08,2026-12-07,approved
AUTH-70006,SYN-1003,PAY-MA,30,2026-09-03,2026-10-10,approved
AUTH-70009,SYN-1004,PAY-COMM1,33,2026-08-24,2026-10-07,approved
AUTH-70012,SYN-1005,PAY-COMM1,40,2026-09-12,2026-09-22,approved
AUTH-70015,SYN-1006,PAY-COMM1,36,2026-08-04,2026-10-01,approved
AUTH-70016,SYN-1006,PAY-COMM1,12,2026-10-02,2026-12-01,pending
AUTH-70018,SYN-1007,PAY-WC,25,2026-09-17,2026-09-30,approved
AUTH-70019,SYN-1007,PAY-WC,12,2026-10-01,2026-11-30,approved
AUTH-70024,SYN-1009,PAY-MA,22,2026-09-06,2026-12-05,approved
AUTH-70027,SYN-1010,PAY-MA,34,2026-08-15,2026-10-01,approved
AUTH-70028,SYN-1010,PAY-MA,12,2026-10-02,2026-12-01,pending
AUTH-70030,SYN-1011,PAY-COMM2,26,2026-08-19,2026-11-17,approved
AUTH-70033,SYN-1012,PAY-COMM1,32,2026-08-18,2026-10-06,approved
AUTH-70036,SYN-1013,PAY-COMM2,38,2026-08-05,2026-10-02,approved
AUTH-70037,SYN-1013,PAY-COMM2,12,2026-10-03,2026-12-02,pending
AUTH-70039,SYN-1014,PAY-MA,7,2026-09-09,2026-11-27,approved
AUTH-70042,SYN-1015,PAY-MA,23,2026-09-10,2026-12-09,approved
AUTH-70045,SYN-1016,PAY-COMM1,19,2026-09-16,2026-11-09,approved
AUTH-70048,SYN-1017,PAY-MA,27,2026-09-07,2026-10-06,approved
AUTH-70051,SYN-1018,PAY-MA,29,2026-08-15,2026-11-13,approved
AUTH-70054,SYN-1019,PAY-COMM1,24,2026-08-25,2026-11-08,approved
AUTH-70057,SYN-1020,PAY-COMM1,32,2026-08-25,2026-10-04,approved
AUTH-70060,SYN-1021,PAY-COMM2,29,2026-09-01,2026-10-04,approved
AUTH-70063,SYN-1022,PAY-WC,13,2026-08-27,2026-11-27,approved
AUTH-70066,SYN-1023,PAY-COMM1,40,2026-08-04,2026-10-03,approved
AUTH-70069,SYN-1024,PAY-WC,4,2026-09-14,2026-11-27,approved
AUTH-70072,SYN-1025,PAY-COMM2,36,2026-08-10,2026-10-02,approved
AUTH-70075,SYN-1026,PAY-COMM1,17,2026-08-09,2026-11-27,approved
AUTH-70078,SYN-1027,PAY-COMM1,37,2026-08-10,2026-10-04,approved
AUTH-70081,SYN-1028,PAY-COMM2,15,2026-08-21,2026-11-27,approved
AUTH-70084,SYN-1029,PAY-WC,34,2026-08-22,2026-10-03,approved
AUTH-70085,SYN-1029,PAY-WC,12,2026-10-04,2026-12-03,approved
AUTH-70087,SYN-1030,PAY-COMM2,31,2026-08-19,2026-10-03,approved
AUTH-70090,SYN-1031,PAY-COMM1,27,2026-09-13,2026-10-02,approved
AUTH-70091,SYN-1031,PAY-COMM1,12,2026-10-03,2026-12-02,pending
AUTH-70093,SYN-1032,PAY-MA,29,2026-09-06,2026-10-10,approved
AUTH-70099,SYN-1034,PAY-MA,31,2026-08-27,2026-10-01,approved
AUTH-70100,SYN-1034,PAY-MA,12,2026-10-02,2026-12-01,approved
AUTH-70102,SYN-1035,PAY-COMM2,25,2026-08-23,2026-11-21,approved
AUTH-70105,SYN-1036,PAY-WC,19,2026-08-12,2026-11-27,approved
AUTH-70108,SYN-1037,PAY-COMM2,18,2026-08-09,2026-11-27,approved
AUTH-70111,SYN-1038,PAY-COMM1,28,2026-09-05,2026-10-01,approved
AUTH-70114,SYN-1039,PAY-MA,40,2026-08-04,2026-10-04,approved
AUTH-70115,SYN-1039,PAY-MA,12,2026-10-05,2026-12-04,pending
AUTH-70117,SYN-1040,PAY-MA,33,2026-08-04,2026-11-12,approved
