patient_id,display_name,clinic,primary_payer
SYN-1001,Test Finley A.,Clinic West (synthetic),PAY-MA
SYN-1002,Test Morgan B.,Clinic West (synthetic),PAY-COMM1
SYN-1003,Test Logan C.,Clinic West (synthetic),PAY-MA
SYN-1004,Test Morgan D.,Clinic North (synthetic),PAY-COMM1
SYN-1005,Test Gray E.,Clinic West (synthetic),PAY-COMM1
SYN-1006,Test Blair F.,Clinic West (synthetic),PAY-COMM1
SYN-1007,Test Blair G.,Clinic West (synthetic),PAY-WC
SYN-1008,Test Noel H.,Clinic Lake (synthetic),PAY-SELF
SYN-1009,Test Harper I.,Clinic West (synthetic),PAY-MA
SYN-1010,Test Morgan J.,Clinic Lake (synthetic),PAY-MA
SYN-1011,Test Oakley K.,Clinic North (synthetic),PAY-COMM2
SYN-1012,Test Alex L.,Clinic Lake (synthetic),PAY-COMM1
SYN-1013,Test Harper M.,Clinic North (synthetic),PAY-COMM2
SYN-1014,Test Taylor N.,Clinic North (synthetic),PAY-MA
SYN-1015,Test Jordan O.,Clinic North (synthetic),PAY-MA
SYN-1016,Test Logan P.,Clinic Lake (synthetic),PAY-COMM1
SYN-1017,Test Oakley Q.,Clinic Lake (synthetic),PAY-MA
SYN-1018,Test Morgan R.,Clinic Lake (synthetic),PAY-MA
SYN-1019,Test Finley S.,Clinic West (synthetic),PAY-COMM1
SYN-1020,Test Finley T.,Clinic North (synthetic),PAY-COMM1
SYN-1021,Test Jordan U.,Clinic Lake (synthetic),PAY-COMM2
SYN-1022,Test Harper V.,Clinic West (synthetic),PAY-WC
SYN-1023,Test Kai W.,Clinic North (synthetic),PAY-COMM1
SYN-1024,Test Jordan X.,Clinic West (synthetic),PAY-WC
SYN-1025,Test Casey Y.,Clinic North (synthetic),PAY-COMM2
SYN-1026,Test Harper Z.,Clinic North (synthetic),PAY-COMM1
SYN-1027,Test Indy A.,Clinic Lake (synthetic),PAY-COMM1
SYN-1028,Test Devon B.,Clinic North (synthetic),PAY-COMM2
SYN-1029,Test Jordan C.,Clinic West (synthetic),PAY-WC
SYN-1030,Test Noel D.,Clinic West (synthetic),PAY-COMM2
SYN-1031,Test Blair E.,Clinic North (synthetic),PAY-COMM1
SYN-1032,Test Gray F.,Clinic West (synthetic),PAY-MA
SYN-1033,Test Emery G.,Clinic West (synthetic),PAY-SELF
SYN-1034,Test Sage H.,Clinic West (synthetic),PAY-MA
SYN-1035,Test Kai I.,Clinic North (synthetic),PAY-COMM2
SYN-1036,Test Oakley J.,Clinic Lake (synthetic),PAY-WC
SYN-1037,Test Casey K.,Clinic Lake (synthetic),PAY-COMM2
SYN-1038,Test Indy L.,Clinic North (synthetic),PAY-COMM1
SYN-1039,Test Morgan M.,Clinic West (synthetic),PAY-MA
SYN-1040,Test Alex N.,Clinic Lake (synthetic),PAY-MA
