visit_id,patient_id,visit_date,clinic,therapist,payer_id,status,visit_type
V1001,SYN-1001,2026-08-19,Clinic West (synthetic),PT-A,PAY-MA,completed,eval
V1002,SYN-1001,2026-08-22,Clinic West (synthetic),PT-C,PAY-MA,completed,treatment
V1003,SYN-1001,2026-08-26,Clinic West (synthetic),PT-A,PAY-MA,cancelled,treatment
V1004,SYN-1001,2026-08-28,Clinic West (synthetic),PT-A,PAY-MA,completed,treatment
V1005,SYN-1001,2026-09-01,Clinic West (synthetic),PTA-E,PAY-MA,completed,treatment
V1006,SYN-1001,2026-09-05,Clinic West (synthetic),PT-D,PAY-MA,completed,treatment
V1007,SYN-1001,2026-09-07,Clinic West (synthetic),PT-B,PAY-MA,completed,treatment
V1008,SYN-1001,2026-09-09,Clinic West (synthetic),PT-D,PAY-MA,completed,treatment
V1009,SYN-1001,2026-09-11,Clinic West (synthetic),PT-B,PAY-MA,completed,treatment
V1010,SYN-1001,2026-09-14,Clinic West (synthetic),PT-B,PAY-MA,completed,treatment
V1011,SYN-1001,2026-09-18,Clinic West (synthetic),PTA-E,PAY-MA,completed,re-eval
V1012,SYN-1001,2026-09-21,Clinic West (synthetic),PT-A,PAY-MA,completed,treatment
V1013,SYN-1001,2026-09-23,Clinic West (synthetic),PT-D,PAY-MA,completed,treatment
V1014,SYN-1001,2026-09-25,Clinic West (synthetic),PT-D,PAY-MA,completed,treatment
V1015,SYN-1001,2026-09-27,Clinic West (synthetic),PT-B,PAY-MA,completed,treatment
V1016,SYN-1001,2026-09-29,Clinic West (synthetic),PTA-E,PAY-MA,scheduled,treatment
V1017,SYN-1001,2026-10-03,Clinic West (synthetic),PT-D,PAY-MA,scheduled,treatment
V1018,SYN-1001,2026-10-05,Clinic West (synthetic),PT-C,PAY-MA,scheduled,treatment
V1019,SYN-1001,2026-10-08,Clinic West (synthetic),PT-C,PAY-MA,scheduled,treatment
V1020,SYN-1001,2026-10-12,Clinic West (synthetic),PT-D,PAY-MA,scheduled,treatment
V1021,SYN-1001,2026-10-15,Clinic West (synthetic),PTA-E,PAY-MA,scheduled,re-eval
V1022,SYN-1001,2026-10-19,Clinic West (synthetic),PT-D,PAY-MA,scheduled,treatment
V1023,SYN-1001,2026-10-22,Clinic West (synthetic),PT-C,PAY-MA,scheduled,treatment
V1024,SYN-1001,2026-10-24,Clinic West (synthetic),PT-D,PAY-MA,scheduled,treatment
V1025,SYN-1002,2026-09-08,Clinic West (synthetic),PT-C,PAY-COMM1,completed,eval
V1026,SYN-1002,2026-09-11,Clinic West (synthetic),PT-C,PAY-COMM1,completed,treatment
V1027,SYN-1002,2026-09-13,Clinic West (synthetic),PTA-E,PAY-COMM1,completed,treatment
V1028,SYN-1002,2026-09-16,Clinic West (synthetic),PT-B,PAY-COMM1,completed,treatment
V1029,SYN-1002,2026-09-18,Clinic West (synthetic),PT-A,PAY-COMM1,completed,treatment
V1030,SYN-1002,2026-09-22,Clinic West (synthetic),PT-B,PAY-COMM1,completed,treatment
V1031,SYN-1002,2026-09-26,Clinic West (synthetic),PT-C,PAY-COMM1,completed,treatment
V1032,SYN-1002,2026-09-30,Clinic West (synthetic),PT-B,PAY-COMM1,scheduled,treatment
V1033,SYN-1002,2026-10-04,Clinic West (synthetic),PT-A,PAY-COMM1,scheduled,treatment
V1034,SYN-1002,2026-10-06,Clinic West (synthetic),PTA-E,PAY-COMM1,scheduled,treatment
V1035,SYN-1002,2026-10-10,Clinic West (synthetic),PT-B,PAY-COMM1,scheduled,re-eval
V1036,SYN-1002,2026-10-14,Clinic West (synthetic),PT-D,PAY-COMM1,scheduled,treatment
V1037,SYN-1002,2026-10-17,Clinic West (synthetic),PT-B,PAY-COMM1,scheduled,treatment
V1038,SYN-1002,2026-10-21,Clinic West (synthetic),PTA-E,PAY-COMM1,scheduled,treatment
V1039,SYN-1002,2026-10-25,Clinic West (synthetic),PT-A,PAY-COMM1,scheduled,treatment
V1040,SYN-1003,2026-09-03,Clinic West (synthetic),PT-A,PAY-MA,completed,eval
V1041,SYN-1003,2026-09-06,Clinic West (synthetic),PTA-E,PAY-MA,completed,treatment
V1042,SYN-1003,2026-09-09,Clinic West (synthetic),PT-D,PAY-MA,completed,treatment
V1043,SYN-1003,2026-09-13,Clinic West (synthetic),PT-C,PAY-MA,cancelled,treatment
V1044,SYN-1003,2026-09-16,Clinic West (synthetic),PT-C,PAY-MA,completed,treatment
V1045,SYN-1003,2026-09-18,Clinic West (synthetic),PT-D,PAY-MA,completed,treatment
V1046,SYN-1003,2026-09-21,Clinic West (synthetic),PT-D,PAY-MA,completed,treatment
V1047,SYN-1003,2026-09-23,Clinic West (synthetic),PTA-E,PAY-MA,completed,treatment
V1048,SYN-1003,2026-09-26,Clinic West (synthetic),PT-B,PAY-MA,completed,treatment
V1049,SYN-1003,2026-09-30,Clinic West (synthetic),PT-A,PAY-MA,scheduled,treatment
V1050,SYN-1003,2026-10-03,Clinic West (synthetic),PT-D,PAY-MA,scheduled,re-eval
V1051,SYN-1003,2026-10-05,Clinic West (synthetic),PT-B,PAY-MA,scheduled,treatment
V1052,SYN-1003,2026-10-08,Clinic West (synthetic),PT-A,PAY-MA,scheduled,treatment
V1053,SYN-1003,2026-10-10,Clinic West (synthetic),PT-C,PAY-MA,scheduled,treatment
V1054,SYN-1003,2026-10-12,Clinic West (synthetic),PTA-E,PAY-MA,scheduled,treatment
V1055,SYN-1003,2026-10-15,Clinic West (synthetic),PT-C,PAY-MA,scheduled,treatment
V1056,SYN-1003,2026-10-17,Clinic West (synthetic),PT-B,PAY-MA,scheduled,treatment
V1057,SYN-1003,2026-10-20,Clinic West (synthetic),PTA-E,PAY-MA,scheduled,treatment
V1058,SYN-1003,2026-10-24,Clinic West (synthetic),PT-D,PAY-MA,scheduled,treatment
V1059,SYN-1003,2026-10-26,Clinic West (synthetic),PT-C,PAY-MA,scheduled,treatment
V1060,SYN-1004,2026-08-24,Clinic North (synthetic),PT-A,PAY-COMM1,cancelled,eval
V1061,SYN-1004,2026-08-28,Clinic North (synthetic),PT-A,PAY-COMM1,completed,treatment
V1062,SYN-1004,2026-08-31,Clinic North (synthetic),PTA-E,PAY-COMM1,completed,treatment
V1063,SYN-1004,2026-09-02,Clinic North (synthetic),PT-B,PAY-COMM1,completed,treatment
V1064,SYN-1004,2026-09-04,Clinic North (synthetic),PTA-E,PAY-COMM1,completed,treatment
V1065,SYN-1004,2026-09-06,Clinic North (synthetic),PT-A,PAY-COMM1,completed,treatment
V1066,SYN-1004,2026-09-10,Clinic North (synthetic),PT-B,PAY-COMM1,completed,treatment
V1067,SYN-1004,2026-09-13,Clinic North (synthetic),PT-C,PAY-COMM1,completed,treatment
V1068,SYN-1004,2026-09-15,Clinic North (synthetic),PTA-E,PAY-COMM1,completed,treatment
V1069,SYN-1004,2026-09-18,Clinic North (synthetic),PTA-E,PAY-COMM1,completed,treatment
V1070,SYN-1004,2026-09-22,Clinic North (synthetic),PTA-E,PAY-COMM1,completed,re-eval
V1071,SYN-1004,2026-09-25,Clinic North (synthetic),PTA-E,PAY-COMM1,completed,treatment
V1072,SYN-1004,2026-09-28,Clinic North (synthetic),PT-C,PAY-COMM1,scheduled,treatment
V1073,SYN-1004,2026-10-01,Clinic North (synthetic),PTA-E,PAY-COMM1,scheduled,treatment
V1074,SYN-1004,2026-10-03,Clinic North (synthetic),PT-C,PAY-COMM1,scheduled,treatment
V1075,SYN-1004,2026-10-07,Clinic North (synthetic),PT-C,PAY-COMM1,scheduled,treatment
V1076,SYN-1004,2026-10-09,Clinic North (synthetic),PTA-E,PAY-COMM1,scheduled,treatment
V1077,SYN-1004,2026-10-11,Clinic North (synthetic),PTA-E,PAY-COMM1,scheduled,treatment
V1078,SYN-1004,2026-10-13,Clinic North (synthetic),PTA-E,PAY-COMM1,scheduled,treatment
V1079,SYN-1004,2026-10-16,Clinic North (synthetic),PT-B,PAY-COMM1,scheduled,treatment
V1080,SYN-1004,2026-10-18,Clinic North (synthetic),PT-A,PAY-COMM1,scheduled,re-eval
V1081,SYN-1004,2026-10-22,Clinic North (synthetic),PTA-E,PAY-COMM1,scheduled,treatment
V1082,SYN-1004,2026-10-26,Clinic North (synthetic),PT-C,PAY-COMM1,scheduled,treatment
V1083,SYN-1005,2026-09-12,Clinic West (synthetic),PT-A,PAY-COMM1,completed,eval
V1084,SYN-1005,2026-09-16,Clinic West (synthetic),PT-A,PAY-COMM1,completed,treatment
V1085,SYN-1005,2026-09-19,Clinic West (synthetic),PT-A,PAY-COMM1,completed,treatment
V1086,SYN-1005,2026-09-23,Clinic West (synthetic),PTA-E,PAY-COMM1,completed,treatment
V1087,SYN-1005,2026-09-27,Clinic West (synthetic),PT-D,PAY-COMM1,completed,treatment
V1088,SYN-1005,2026-09-29,Clinic West (synthetic),PT-D,PAY-COMM1,scheduled,treatment
V1089,SYN-1005,2026-10-03,Clinic West (synthetic),PT-B,PAY-COMM1,scheduled,treatment
V1090,SYN-1005,2026-10-07,Clinic West (synthetic),PT-D,PAY-COMM1,scheduled,treatment
V1091,SYN-1005,2026-10-11,Clinic West (synthetic),PT-D,PAY-COMM1,scheduled,treatment
V1092,SYN-1005,2026-10-14,Clinic West (synthetic),PT-C,PAY-COMM1,scheduled,treatment
V1093,SYN-1005,2026-10-17,Clinic West (synthetic),PT-D,PAY-COMM1,scheduled,re-eval
V1094,SYN-1005,2026-10-21,Clinic West (synthetic),PT-B,PAY-COMM1,scheduled,treatment
V1095,SYN-1005,2026-10-25,Clinic West (synthetic),PT-A,PAY-COMM1,scheduled,treatment
V1096,SYN-1006,2026-08-04,Clinic West (synthetic),PT-B,PAY-COMM1,completed,eval
V1097,SYN-1006,2026-08-07,Clinic West (synthetic),PT-C,PAY-COMM1,completed,treatment
V1098,SYN-1006,2026-08-11,Clinic West (synthetic),PT-D,PAY-COMM1,completed,treatment
V1099,SYN-1006,2026-08-15,Clinic West (synthetic),PT-D,PAY-COMM1,completed,treatment
V1100,SYN-1006,2026-08-19,Clinic West (synthetic),PT-B,PAY-COMM1,completed,treatment
V1101,SYN-1006,2026-08-23,Clinic West (synthetic),PT-B,PAY-COMM1,completed,treatment
V1102,SYN-1006,2026-08-27,Clinic West (synthetic),PT-C,PAY-COMM1,completed,treatment
V1103,SYN-1006,2026-08-31,Clinic West (synthetic),PT-B,PAY-COMM1,completed,treatment
V1104,SYN-1006,2026-09-04,Clinic West (synthetic),PT-A,PAY-COMM1,completed,treatment
V1105,SYN-1006,2026-09-08,Clinic West (synthetic),PT-C,PAY-COMM1,completed,treatment
V1106,SYN-1006,2026-09-11,Clinic West (synthetic),PT-B,PAY-COMM1,completed,re-eval
V1107,SYN-1006,2026-09-13,Clinic West (synthetic),PTA-E,PAY-COMM1,completed,treatment
V1108,SYN-1006,2026-09-16,Clinic West (synthetic),PTA-E,PAY-COMM1,completed,treatment
V1109,SYN-1006,2026-09-19,Clinic West (synthetic),PT-D,PAY-COMM1,completed,treatment
V1110,SYN-1006,2026-09-22,Clinic West (synthetic),PT-D,PAY-COMM1,completed,treatment
V1111,SYN-1006,2026-09-25,Clinic West (synthetic),PT-D,PAY-COMM1,completed,treatment
V1112,SYN-1006,2026-09-29,Clinic West (synthetic),PT-D,PAY-COMM1,scheduled,treatment
V1113,SYN-1006,2026-10-02,Clinic West (synthetic),PTA-E,PAY-COMM1,scheduled,treatment
V1114,SYN-1006,2026-10-06,Clinic West (synthetic),PT-C,PAY-COMM1,scheduled,treatment
V1115,SYN-1006,2026-10-10,Clinic West (synthetic),PT-B,PAY-COMM1,scheduled,treatment
V1116,SYN-1006,2026-10-12,Clinic West (synthetic),PT-D,PAY-COMM1,scheduled,re-eval
V1117,SYN-1006,2026-10-14,Clinic West (synthetic),PTA-E,PAY-COMM1,scheduled,treatment
V1118,SYN-1006,2026-10-17,Clinic West (synthetic),PT-C,PAY-COMM1,scheduled,treatment
V1119,SYN-1006,2026-10-19,Clinic West (synthetic),PT-A,PAY-COMM1,scheduled,treatment
V1120,SYN-1006,2026-10-22,Clinic West (synthetic),PT-B,PAY-COMM1,scheduled,treatment
V1121,SYN-1006,2026-10-25,Clinic West (synthetic),PT-B,PAY-COMM1,scheduled,treatment
V1122,SYN-1007,2026-09-17,Clinic West (synthetic),PT-B,PAY-WC,completed,eval
V1123,SYN-1007,2026-09-19,Clinic West (synthetic),PT-D,PAY-WC,completed,treatment
V1124,SYN-1007,2026-09-22,Clinic West (synthetic),PT-A,PAY-WC,completed,treatment
V1125,SYN-1007,2026-09-26,Clinic West (synthetic),PT-D,PAY-WC,completed,treatment
V1126,SYN-1007,2026-09-29,Clinic West (synthetic),PT-D,PAY-WC,scheduled,treatment
V1127,SYN-1007,2026-10-03,Clinic West (synthetic),PTA-E,PAY-WC,scheduled,treatment
V1128,SYN-1007,2026-10-06,Clinic West (synthetic),PT-B,PAY-WC,scheduled,treatment
V1129,SYN-1007,2026-10-08,Clinic West (synthetic),PT-B,PAY-WC,scheduled,treatment
V1130,SYN-1007,2026-10-10,Clinic West (synthetic),PTA-E,PAY-WC,scheduled,treatment
V1131,SYN-1007,2026-10-14,Clinic West (synthetic),PTA-E,PAY-WC,scheduled,treatment
V1132,SYN-1007,2026-10-16,Clinic West (synthetic),PT-D,PAY-WC,scheduled,re-eval
V1133,SYN-1007,2026-10-18,Clinic West (synthetic),PT-A,PAY-WC,scheduled,treatment
V1134,SYN-1007,2026-10-21,Clinic West (synthetic),PTA-E,PAY-WC,scheduled,treatment
V1135,SYN-1007,2026-10-23,Clinic West (synthetic),PT-A,PAY-WC,scheduled,treatment
V1136,SYN-1007,2026-10-26,Clinic West (synthetic),PT-A,PAY-WC,scheduled,treatment
V1137,SYN-1008,2026-09-09,Clinic Lake (synthetic),PT-A,PAY-SELF,completed,eval
V1138,SYN-1008,2026-09-13,Clinic Lake (synthetic),PT-A,PAY-SELF,completed,treatment
V1139,SYN-1008,2026-09-17,Clinic Lake (synthetic),PT-B,PAY-SELF,completed,treatment
V1140,SYN-1008,2026-09-21,Clinic Lake (synthetic),PT-B,PAY-SELF,completed,treatment
V1141,SYN-1008,2026-09-25,Clinic Lake (synthetic),PT-C,PAY-SELF,completed,treatment
V1142,SYN-1008,2026-09-28,Clinic Lake (synthetic),PT-A,PAY-SELF,scheduled,treatment
V1143,SYN-1008,2026-10-01,Clinic Lake (synthetic),PT-B,PAY-SELF,scheduled,treatment
V1144,SYN-1008,2026-10-05,Clinic Lake (synthetic),PT-A,PAY-SELF,scheduled,treatment
V1145,SYN-1008,2026-10-09,Clinic Lake (synthetic),PTA-E,PAY-SELF,scheduled,treatment
V1146,SYN-1008,2026-10-12,Clinic Lake (synthetic),PT-D,PAY-SELF,scheduled,treatment
V1147,SYN-1008,2026-10-14,Clinic Lake (synthetic),PT-C,PAY-SELF,scheduled,re-eval
V1148,SYN-1008,2026-10-17,Clinic Lake (synthetic),PT-D,PAY-SELF,scheduled,treatment
V1149,SYN-1008,2026-10-19,Clinic Lake (synthetic),PT-B,PAY-SELF,scheduled,treatment
V1150,SYN-1008,2026-10-22,Clinic Lake (synthetic),PT-A,PAY-SELF,scheduled,treatment
V1151,SYN-1008,2026-10-25,Clinic Lake (synthetic),PT-A,PAY-SELF,scheduled,treatment
V1152,SYN-1009,2026-09-06,Clinic West (synthetic),PT-D,PAY-MA,no_show,eval
V1153,SYN-1009,2026-09-10,Clinic West (synthetic),PT-D,PAY-MA,completed,treatment
V1154,SYN-1009,2026-09-13,Clinic West (synthetic),PT-C,PAY-MA,completed,treatment
V1155,SYN-1009,2026-09-15,Clinic West (synthetic),PT-B,PAY-MA,completed,treatment
V1156,SYN-1009,2026-09-18,Clinic West (synthetic),PTA-E,PAY-MA,completed,treatment
V1157,SYN-1009,2026-09-20,Clinic West (synthetic),PT-A,PAY-MA,completed,treatment
V1158,SYN-1009,2026-09-22,Clinic West (synthetic),PT-D,PAY-MA,completed,treatment
V1159,SYN-1009,2026-09-26,Clinic West (synthetic),PT-D,PAY-MA,completed,treatment
V1160,SYN-1009,2026-09-28,Clinic West (synthetic),PT-C,PAY-MA,scheduled,treatment
V1161,SYN-1009,2026-10-02,Clinic West (synthetic),PT-A,PAY-MA,scheduled,treatment
V1162,SYN-1009,2026-10-05,Clinic West (synthetic),PT-C,PAY-MA,scheduled,re-eval
V1163,SYN-1009,2026-10-09,Clinic West (synthetic),PT-B,PAY-MA,scheduled,treatment
V1164,SYN-1009,2026-10-13,Clinic West (synthetic),PTA-E,PAY-MA,scheduled,treatment
V1165,SYN-1009,2026-10-17,Clinic West (synthetic),PT-C,PAY-MA,scheduled,treatment
V1166,SYN-1009,2026-10-21,Clinic West (synthetic),PTA-E,PAY-MA,scheduled,treatment
V1167,SYN-1009,2026-10-25,Clinic West (synthetic),PT-A,PAY-MA,scheduled,treatment
V1168,SYN-1010,2026-08-15,Clinic Lake (synthetic),PT-B,PAY-MA,completed,eval
V1169,SYN-1010,2026-08-17,Clinic Lake (synthetic),PTA-E,PAY-MA,completed,treatment
V1170,SYN-1010,2026-08-19,Clinic Lake (synthetic),PTA-E,PAY-MA,completed,treatment
V1171,SYN-1010,2026-08-23,Clinic Lake (synthetic),PT-B,PAY-MA,completed,treatment
V1172,SYN-1010,2026-08-27,Clinic Lake (synthetic),PT-D,PAY-MA,completed,treatment
V1173,SYN-1010,2026-08-30,Clinic Lake (synthetic),PT-D,PAY-MA,completed,treatment
V1174,SYN-1010,2026-09-02,Clinic Lake (synthetic),PT-B,PAY-MA,completed,treatment
V1175,SYN-1010,2026-09-06,Clinic Lake (synthetic),PT-C,PAY-MA,completed,treatment
V1176,SYN-1010,2026-09-09,Clinic Lake (synthetic),PT-D,PAY-MA,completed,treatment
V1177,SYN-1010,2026-09-11,Clinic Lake (synthetic),PT-D,PAY-MA,completed,treatment
V1178,SYN-1010,2026-09-13,Clinic Lake (synthetic),PTA-E,PAY-MA,completed,re-eval
V1179,SYN-1010,2026-09-16,Clinic Lake (synthetic),PT-B,PAY-MA,completed,treatment
V1180,SYN-1010,2026-09-20,Clinic Lake (synthetic),PTA-E,PAY-MA,no_show,treatment
V1181,SYN-1010,2026-09-22,Clinic Lake (synthetic),PT-C,PAY-MA,completed,treatment
V1182,SYN-1010,2026-09-25,Clinic Lake (synthetic),PT-B,PAY-MA,completed,treatment
V1183,SYN-1010,2026-09-29,Clinic Lake (synthetic),PT-B,PAY-MA,scheduled,treatment
V1184,SYN-1010,2026-10-03,Clinic Lake (synthetic),PT-D,PAY-MA,scheduled,treatment
V1185,SYN-1010,2026-10-06,Clinic Lake (synthetic),PT-B,PAY-MA,scheduled,treatment
V1186,SYN-1010,2026-10-10,Clinic Lake (synthetic),PT-D,PAY-MA,scheduled,treatment
V1187,SYN-1010,2026-10-12,Clinic Lake (synthetic),PT-A,PAY-MA,scheduled,treatment
V1188,SYN-1010,2026-10-14,Clinic Lake (synthetic),PT-A,PAY-MA,scheduled,re-eval
V1189,SYN-1010,2026-10-17,Clinic Lake (synthetic),PTA-E,PAY-MA,scheduled,treatment
V1190,SYN-1010,2026-10-21,Clinic Lake (synthetic),PT-C,PAY-MA,scheduled,treatment
V1191,SYN-1010,2026-10-23,Clinic Lake (synthetic),PTA-E,PAY-MA,scheduled,treatment
V1192,SYN-1011,2026-08-19,Clinic North (synthetic),PT-B,PAY-COMM2,completed,eval
V1193,SYN-1011,2026-08-22,Clinic North (synthetic),PT-C,PAY-COMM2,completed,treatment
V1194,SYN-1011,2026-08-24,Clinic North (synthetic),PT-A,PAY-COMM2,completed,treatment
V1195,SYN-1011,2026-08-27,Clinic North (synthetic),PT-B,PAY-COMM2,completed,treatment
V1196,SYN-1011,2026-08-30,Clinic North (synthetic),PT-B,PAY-COMM2,completed,treatment
V1197,SYN-1011,2026-09-02,Clinic North (synthetic),PT-C,PAY-COMM2,completed,treatment
V1198,SYN-1011,2026-09-05,Clinic North (synthetic),PTA-E,PAY-COMM2,completed,treatment
V1199,SYN-1011,2026-09-08,Clinic North (synthetic),PT-B,PAY-COMM2,completed,treatment
V1200,SYN-1011,2026-09-12,Clinic North (synthetic),PT-B,PAY-COMM2,completed,treatment
V1201,SYN-1011,2026-09-16,Clinic North (synthetic),PT-D,PAY-COMM2,completed,treatment
V1202,SYN-1011,2026-09-19,Clinic North (synthetic),PT-C,PAY-COMM2,completed,re-eval
V1203,SYN-1011,2026-09-23,Clinic North (synthetic),PTA-E,PAY-COMM2,completed,treatment
V1204,SYN-1011,2026-09-27,Clinic North (synthetic),PT-B,PAY-COMM2,completed,treatment
V1205,SYN-1011,2026-10-01,Clinic North (synthetic),PT-B,PAY-COMM2,scheduled,treatment
V1206,SYN-1011,2026-10-03,Clinic North (synthetic),PT-C,PAY-COMM2,scheduled,treatment
V1207,SYN-1011,2026-10-06,Clinic North (synthetic),PT-A,PAY-COMM2,scheduled,treatment
V1208,SYN-1011,2026-10-08,Clinic North (synthetic),PT-C,PAY-COMM2,scheduled,treatment
V1209,SYN-1011,2026-10-11,Clinic North (synthetic),PT-D,PAY-COMM2,scheduled,treatment
V1210,SYN-1011,2026-10-15,Clinic North (synthetic),PT-A,PAY-COMM2,scheduled,treatment
V1211,SYN-1011,2026-10-18,Clinic North (synthetic),PT-A,PAY-COMM2,scheduled,treatment
V1212,SYN-1011,2026-10-22,Clinic North (synthetic),PTA-E,PAY-COMM2,scheduled,re-eval
V1213,SYN-1011,2026-10-25,Clinic North (synthetic),PTA-E,PAY-COMM2,scheduled,treatment
V1214,SYN-1012,2026-08-18,Clinic Lake (synthetic),PTA-E,PAY-COMM1,completed,eval
V1215,SYN-1012,2026-08-22,Clinic Lake (synthetic),PT-A,PAY-COMM1,completed,treatment
V1216,SYN-1012,2026-08-25,Clinic Lake (synthetic),PT-B,PAY-COMM1,completed,treatment
V1217,SYN-1012,2026-08-28,Clinic Lake (synthetic),PT-C,PAY-COMM1,completed,treatment
V1218,SYN-1012,2026-09-01,Clinic Lake (synthetic),PT-C,PAY-COMM1,completed,treatment
V1219,SYN-1012,2026-09-03,Clinic Lake (synthetic),PT-A,PAY-COMM1,completed,treatment
V1220,SYN-1012,2026-09-07,Clinic Lake (synthetic),PT-B,PAY-COMM1,completed,treatment
V1221,SYN-1012,2026-09-10,Clinic Lake (synthetic),PTA-E,PAY-COMM1,completed,treatment
V1222,SYN-1012,2026-09-12,Clinic Lake (synthetic),PT-B,PAY-COMM1,completed,treatment
V1223,SYN-1012,2026-09-15,Clinic Lake (synthetic),PT-A,PAY-COMM1,completed,treatment
V1224,SYN-1012,2026-09-18,Clinic Lake (synthetic),PT-A,PAY-COMM1,completed,re-eval
V1225,SYN-1012,2026-09-21,Clinic Lake (synthetic),PT-A,PAY-COMM1,completed,treatment
V1226,SYN-1012,2026-09-25,Clinic Lake (synthetic),PT-B,PAY-COMM1,completed,treatment
V1227,SYN-1012,2026-09-29,Clinic Lake (synthetic),PT-B,PAY-COMM1,scheduled,treatment
V1228,SYN-1012,2026-10-02,Clinic Lake (synthetic),PTA-E,PAY-COMM1,scheduled,treatment
V1229,SYN-1012,2026-10-06,Clinic Lake (synthetic),PT-A,PAY-COMM1,scheduled,treatment
V1230,SYN-1012,2026-10-10,Clinic Lake (synthetic),PT-A,PAY-COMM1,scheduled,treatment
V1231,SYN-1012,2026-10-14,Clinic Lake (synthetic),PT-B,PAY-COMM1,scheduled,treatment
V1232,SYN-1012,2026-10-16,Clinic Lake (synthetic),PT-B,PAY-COMM1,scheduled,treatment
V1233,SYN-1012,2026-10-19,Clinic Lake (synthetic),PTA-E,PAY-COMM1,scheduled,treatment
V1234,SYN-1012,2026-10-21,Clinic Lake (synthetic),PTA-E,PAY-COMM1,scheduled,re-eval
V1235,SYN-1012,2026-10-23,Clinic Lake (synthetic),PT-A,PAY-COMM1,scheduled,treatment
V1236,SYN-1013,2026-08-05,Clinic North (synthetic),PT-C,PAY-COMM2,completed,eval
V1237,SYN-1013,2026-08-08,Clinic North (synthetic),PTA-E,PAY-COMM2,no_show,treatment
V1238,SYN-1013,2026-08-11,Clinic North (synthetic),PT-C,PAY-COMM2,completed,treatment
V1239,SYN-1013,2026-08-14,Clinic North (synthetic),PT-B,PAY-COMM2,completed,treatment
V1240,SYN-1013,2026-08-18,Clinic North (synthetic),PT-B,PAY-COMM2,completed,treatment
V1241,SYN-1013,2026-08-21,Clinic North (synthetic),PT-D,PAY-COMM2,completed,treatment
V1242,SYN-1013,2026-08-24,Clinic North (synthetic),PT-D,PAY-COMM2,completed,treatment
V1243,SYN-1013,2026-08-26,Clinic North (synthetic),PT-A,PAY-COMM2,completed,treatment
V1244,SYN-1013,2026-08-30,Clinic North (synthetic),PT-D,PAY-COMM2,completed,treatment
V1245,SYN-1013,2026-09-02,Clinic North (synthetic),PT-A,PAY-COMM2,completed,treatment
V1246,SYN-1013,2026-09-04,Clinic North (synthetic),PT-D,PAY-COMM2,completed,re-eval
V1247,SYN-1013,2026-09-07,Clinic North (synthetic),PT-C,PAY-COMM2,completed,treatment
V1248,SYN-1013,2026-09-11,Clinic North (synthetic),PT-A,PAY-COMM2,completed,treatment
V1249,SYN-1013,2026-09-14,Clinic North (synthetic),PT-C,PAY-COMM2,completed,treatment
V1250,SYN-1013,2026-09-16,Clinic North (synthetic),PT-D,PAY-COMM2,completed,treatment
V1251,SYN-1013,2026-09-18,Clinic North (synthetic),PT-A,PAY-COMM2,completed,treatment
V1252,SYN-1013,2026-09-22,Clinic North (synthetic),PT-B,PAY-COMM2,completed,treatment
V1253,SYN-1013,2026-09-24,Clinic North (synthetic),PT-B,PAY-COMM2,completed,treatment
V1254,SYN-1013,2026-09-27,Clinic North (synthetic),PT-C,PAY-COMM2,completed,treatment
V1255,SYN-1013,2026-09-30,Clinic North (synthetic),PT-A,PAY-COMM2,scheduled,treatment
V1256,SYN-1013,2026-10-04,Clinic North (synthetic),PT-B,PAY-COMM2,scheduled,re-eval
V1257,SYN-1013,2026-10-07,Clinic North (synthetic),PT-D,PAY-COMM2,scheduled,treatment
V1258,SYN-1013,2026-10-11,Clinic North (synthetic),PT-B,PAY-COMM2,scheduled,treatment
V1259,SYN-1013,2026-10-13,Clinic North (synthetic),PT-C,PAY-COMM2,scheduled,treatment
V1260,SYN-1013,2026-10-16,Clinic North (synthetic),PTA-E,PAY-COMM2,scheduled,treatment
V1261,SYN-1013,2026-10-19,Clinic North (synthetic),PT-D,PAY-COMM2,scheduled,treatment
V1262,SYN-1013,2026-10-22,Clinic North (synthetic),PT-B,PAY-COMM2,scheduled,treatment
V1263,SYN-1013,2026-10-26,Clinic North (synthetic),PT-C,PAY-COMM2,scheduled,treatment
V1264,SYN-1014,2026-09-09,Clinic North (synthetic),PT-A,PAY-MA,completed,eval
V1265,SYN-1014,2026-09-13,Clinic North (synthetic),PT-C,PAY-MA,completed,treatment
V1266,SYN-1014,2026-09-15,Clinic North (synthetic),PT-B,PAY-MA,completed,treatment
V1267,SYN-1014,2026-09-18,Clinic North (synthetic),PTA-E,PAY-MA,completed,treatment
V1268,SYN-1014,2026-09-22,Clinic North (synthetic),PT-B,PAY-MA,completed,treatment
V1269,SYN-1014,2026-09-26,Clinic North (synthetic),PT-A,PAY-MA,completed,treatment
V1270,SYN-1014,2026-09-30,Clinic North (synthetic),PT-B,PAY-MA,scheduled,treatment
V1271,SYN-1014,2026-10-04,Clinic North (synthetic),PT-D,PAY-MA,scheduled,treatment
V1272,SYN-1014,2026-10-06,Clinic North (synthetic),PT-B,PAY-MA,scheduled,treatment
V1273,SYN-1014,2026-10-08,Clinic North (synthetic),PT-D,PAY-MA,scheduled,treatment
V1274,SYN-1014,2026-10-10,Clinic North (synthetic),PTA-E,PAY-MA,scheduled,re-eval
V1275,SYN-1014,2026-10-14,Clinic North (synthetic),PT-B,PAY-MA,scheduled,treatment
V1276,SYN-1014,2026-10-17,Clinic North (synthetic),PT-B,PAY-MA,scheduled,treatment
V1277,SYN-1014,2026-10-20,Clinic North (synthetic),PT-D,PAY-MA,scheduled,treatment
V1278,SYN-1014,2026-10-24,Clinic North (synthetic),PT-D,PAY-MA,scheduled,treatment
V1279,SYN-1015,2026-09-10,Clinic North (synthetic),PT-D,PAY-MA,completed,eval
V1280,SYN-1015,2026-09-12,Clinic North (synthetic),PTA-E,PAY-MA,completed,treatment
V1281,SYN-1015,2026-09-14,Clinic North (synthetic),PT-C,PAY-MA,completed,treatment
V1282,SYN-1015,2026-09-17,Clinic North (synthetic),PT-C,PAY-MA,no_show,treatment
V1283,SYN-1015,2026-09-19,Clinic North (synthetic),PT-C,PAY-MA,completed,treatment
V1284,SYN-1015,2026-09-22,Clinic North (synthetic),PT-C,PAY-MA,completed,treatment
V1285,SYN-1015,2026-09-24,Clinic North (synthetic),PT-B,PAY-MA,completed,treatment
V1286,SYN-1015,2026-09-26,Clinic North (synthetic),PT-C,PAY-MA,completed,treatment
V1287,SYN-1015,2026-09-30,Clinic North (synthetic),PT-B,PAY-MA,scheduled,treatment
V1288,SYN-1015,2026-10-03,Clinic North (synthetic),PT-B,PAY-MA,scheduled,treatment
V1289,SYN-1015,2026-10-05,Clinic North (synthetic),PT-A,PAY-MA,scheduled,re-eval
V1290,SYN-1015,2026-10-07,Clinic North (synthetic),PT-C,PAY-MA,scheduled,treatment
V1291,SYN-1015,2026-10-11,Clinic North (synthetic),PT-B,PAY-MA,scheduled,treatment
V1292,SYN-1015,2026-10-15,Clinic North (synthetic),PT-A,PAY-MA,scheduled,treatment
V1293,SYN-1015,2026-10-18,Clinic North (synthetic),PT-C,PAY-MA,scheduled,treatment
V1294,SYN-1015,2026-10-22,Clinic North (synthetic),PT-A,PAY-MA,scheduled,treatment
V1295,SYN-1015,2026-10-25,Clinic North (synthetic),PT-B,PAY-MA,scheduled,treatment
V1296,SYN-1016,2026-09-16,Clinic Lake (synthetic),PT-C,PAY-COMM1,completed,eval
V1297,SYN-1016,2026-09-20,Clinic Lake (synthetic),PT-D,PAY-COMM1,completed,treatment
V1298,SYN-1016,2026-09-24,Clinic Lake (synthetic),PT-C,PAY-COMM1,completed,treatment
V1299,SYN-1016,2026-09-28,Clinic Lake (synthetic),PT-A,PAY-COMM1,scheduled,treatment
V1300,SYN-1016,2026-09-30,Clinic Lake (synthetic),PT-B,PAY-COMM1,scheduled,treatment
V1301,SYN-1016,2026-10-02,Clinic Lake (synthetic),PT-C,PAY-COMM1,scheduled,treatment
V1302,SYN-1016,2026-10-05,Clinic Lake (synthetic),PT-C,PAY-COMM1,scheduled,treatment
V1303,SYN-1016,2026-10-09,Clinic Lake (synthetic),PT-B,PAY-COMM1,scheduled,treatment
V1304,SYN-1016,2026-10-13,Clinic Lake (synthetic),PT-C,PAY-COMM1,scheduled,treatment
V1305,SYN-1016,2026-10-15,Clinic Lake (synthetic),PT-D,PAY-COMM1,scheduled,treatment
V1306,SYN-1016,2026-10-19,Clinic Lake (synthetic),PT-B,PAY-COMM1,scheduled,re-eval
V1307,SYN-1016,2026-10-21,Clinic Lake (synthetic),PT-A,PAY-COMM1,scheduled,treatment
V1308,SYN-1016,2026-10-23,Clinic Lake (synthetic),PTA-E,PAY-COMM1,scheduled,treatment
V1309,SYN-1016,2026-10-25,Clinic Lake (synthetic),PT-D,PAY-COMM1,scheduled,treatment
V1310,SYN-1017,2026-09-07,Clinic Lake (synthetic),PT-A,PAY-MA,completed,eval
V1311,SYN-1017,2026-09-09,Clinic Lake (synthetic),PT-D,PAY-MA,completed,treatment
V1312,SYN-1017,2026-09-12,Clinic Lake (synthetic),PT-D,PAY-MA,completed,treatment
V1313,SYN-1017,2026-09-15,Clinic Lake (synthetic),PTA-E,PAY-MA,completed,treatment
V1314,SYN-1017,2026-09-17,Clinic Lake (synthetic),PT-D,PAY-MA,completed,treatment
V1315,SYN-1017,2026-09-21,Clinic Lake (synthetic),PT-C,PAY-MA,completed,treatment
V1316,SYN-1017,2026-09-25,Clinic Lake (synthetic),PT-C,PAY-MA,completed,treatment
V1317,SYN-1017,2026-09-28,Clinic Lake (synthetic),PT-B,PAY-MA,scheduled,treatment
V1318,SYN-1017,2026-09-30,Clinic Lake (synthetic),PT-C,PAY-MA,scheduled,treatment
V1319,SYN-1017,2026-10-04,Clinic Lake (synthetic),PT-A,PAY-MA,scheduled,treatment
V1320,SYN-1017,2026-10-06,Clinic Lake (synthetic),PT-B,PAY-MA,scheduled,re-eval
V1321,SYN-1017,2026-10-10,Clinic Lake (synthetic),PT-B,PAY-MA,scheduled,treatment
V1322,SYN-1017,2026-10-12,Clinic Lake (synthetic),PT-D,PAY-MA,scheduled,treatment
V1323,SYN-1017,2026-10-16,Clinic Lake (synthetic),PT-C,PAY-MA,scheduled,treatment
V1324,SYN-1017,2026-10-18,Clinic Lake (synthetic),PTA-E,PAY-MA,scheduled,treatment
V1325,SYN-1017,2026-10-21,Clinic Lake (synthetic),PT-C,PAY-MA,scheduled,treatment
V1326,SYN-1017,2026-10-25,Clinic Lake (synthetic),PT-C,PAY-MA,scheduled,treatment
V1327,SYN-1018,2026-08-15,Clinic Lake (synthetic),PT-B,PAY-MA,completed,eval
V1328,SYN-1018,2026-08-17,Clinic Lake (synthetic),PT-C,PAY-MA,completed,treatment
V1329,SYN-1018,2026-08-21,Clinic Lake (synthetic),PT-B,PAY-MA,completed,treatment
V1330,SYN-1018,2026-08-23,Clinic Lake (synthetic),PTA-E,PAY-MA,completed,treatment
V1331,SYN-1018,2026-08-25,Clinic Lake (synthetic),PT-B,PAY-MA,completed,treatment
V1332,SYN-1018,2026-08-28,Clinic Lake (synthetic),PT-B,PAY-MA,completed,treatment
V1333,SYN-1018,2026-08-31,Clinic Lake (synthetic),PT-D,PAY-MA,completed,treatment
V1334,SYN-1018,2026-09-03,Clinic Lake (synthetic),PTA-E,PAY-MA,completed,treatment
V1335,SYN-1018,2026-09-06,Clinic Lake (synthetic),PTA-E,PAY-MA,completed,treatment
V1336,SYN-1018,2026-09-10,Clinic Lake (synthetic),PTA-E,PAY-MA,completed,treatment
V1337,SYN-1018,2026-09-12,Clinic Lake (synthetic),PT-A,PAY-MA,completed,re-eval
V1338,SYN-1018,2026-09-16,Clinic Lake (synthetic),PTA-E,PAY-MA,completed,treatment
V1339,SYN-1018,2026-09-20,Clinic Lake (synthetic),PT-B,PAY-MA,completed,treatment
V1340,SYN-1018,2026-09-23,Clinic Lake (synthetic),PT-B,PAY-MA,completed,treatment
V1341,SYN-1018,2026-09-26,Clinic Lake (synthetic),PTA-E,PAY-MA,completed,treatment
V1342,SYN-1018,2026-09-28,Clinic Lake (synthetic),PTA-E,PAY-MA,scheduled,treatment
V1343,SYN-1018,2026-10-02,Clinic Lake (synthetic),PTA-E,PAY-MA,scheduled,treatment
V1344,SYN-1018,2026-10-06,Clinic Lake (synthetic),PT-B,PAY-MA,scheduled,treatment
V1345,SYN-1018,2026-10-09,Clinic Lake (synthetic),PT-D,PAY-MA,scheduled,treatment
V1346,SYN-1018,2026-10-12,Clinic Lake (synthetic),PT-D,PAY-MA,scheduled,treatment
V1347,SYN-1018,2026-10-16,Clinic Lake (synthetic),PT-D,PAY-MA,scheduled,re-eval
V1348,SYN-1018,2026-10-20,Clinic Lake (synthetic),PT-C,PAY-MA,scheduled,treatment
V1349,SYN-1018,2026-10-24,Clinic Lake (synthetic),PTA-E,PAY-MA,scheduled,treatment
V1350,SYN-1019,2026-08-25,Clinic West (synthetic),PT-A,PAY-COMM1,completed,eval
V1351,SYN-1019,2026-08-29,Clinic West (synthetic),PT-B,PAY-COMM1,completed,treatment
V1352,SYN-1019,2026-09-02,Clinic West (synthetic),PT-B,PAY-COMM1,completed,treatment
V1353,SYN-1019,2026-09-05,Clinic West (synthetic),PT-A,PAY-COMM1,completed,treatment
V1354,SYN-1019,2026-09-09,Clinic West (synthetic),PT-B,PAY-COMM1,completed,treatment
V1355,SYN-1019,2026-09-13,Clinic West (synthetic),PTA-E,PAY-COMM1,completed,treatment
V1356,SYN-1019,2026-09-17,Clinic West (synthetic),PTA-E,PAY-COMM1,completed,treatment
V1357,SYN-1019,2026-09-20,Clinic West (synthetic),PTA-E,PAY-COMM1,completed,treatment
V1358,SYN-1019,2026-09-23,Clinic West (synthetic),PT-A,PAY-COMM1,completed,treatment
V1359,SYN-1019,2026-09-26,Clinic West (synthetic),PT-D,PAY-COMM1,completed,treatment
V1360,SYN-1019,2026-09-30,Clinic West (synthetic),PTA-E,PAY-COMM1,scheduled,re-eval
V1361,SYN-1019,2026-10-04,Clinic West (synthetic),PTA-E,PAY-COMM1,scheduled,treatment
V1362,SYN-1019,2026-10-06,Clinic West (synthetic),PT-B,PAY-COMM1,scheduled,treatment
V1363,SYN-1019,2026-10-08,Clinic West (synthetic),PT-B,PAY-COMM1,scheduled,treatment
V1364,SYN-1019,2026-10-12,Clinic West (synthetic),PT-D,PAY-COMM1,scheduled,treatment
V1365,SYN-1019,2026-10-15,Clinic West (synthetic),PT-D,PAY-COMM1,scheduled,treatment
V1366,SYN-1019,2026-10-18,Clinic West (synthetic),PT-C,PAY-COMM1,scheduled,treatment
V1367,SYN-1019,2026-10-21,Clinic West (synthetic),PT-D,PAY-COMM1,scheduled,treatment
V1368,SYN-1019,2026-10-24,Clinic West (synthetic),PT-A,PAY-COMM1,scheduled,treatment
V1369,SYN-1020,2026-08-25,Clinic North (synthetic),PT-D,PAY-COMM1,completed,eval
V1370,SYN-1020,2026-08-27,Clinic North (synthetic),PT-B,PAY-COMM1,no_show,treatment
V1371,SYN-1020,2026-08-30,Clinic North (synthetic),PT-D,PAY-COMM1,completed,treatment
V1372,SYN-1020,2026-09-02,Clinic North (synthetic),PT-A,PAY-COMM1,completed,treatment
V1373,SYN-1020,2026-09-05,Clinic North (synthetic),PT-D,PAY-COMM1,completed,treatment
V1374,SYN-1020,2026-09-07,Clinic North (synthetic),PT-D,PAY-COMM1,completed,treatment
V1375,SYN-1020,2026-09-11,Clinic North (synthetic),PTA-E,PAY-COMM1,completed,treatment
V1376,SYN-1020,2026-09-15,Clinic North (synthetic),PT-D,PAY-COMM1,completed,treatment
V1377,SYN-1020,2026-09-17,Clinic North (synthetic),PT-A,PAY-COMM1,completed,treatment
V1378,SYN-1020,2026-09-21,Clinic North (synthetic),PTA-E,PAY-COMM1,completed,treatment
V1379,SYN-1020,2026-09-25,Clinic North (synthetic),PT-D,PAY-COMM1,completed,re-eval
V1380,SYN-1020,2026-09-27,Clinic North (synthetic),PTA-E,PAY-COMM1,completed,treatment
V1381,SYN-1020,2026-09-29,Clinic North (synthetic),PTA-E,PAY-COMM1,scheduled,treatment
V1382,SYN-1020,2026-10-01,Clinic North (synthetic),PT-D,PAY-COMM1,scheduled,treatment
V1383,SYN-1020,2026-10-04,Clinic North (synthetic),PT-B,PAY-COMM1,scheduled,treatment
V1384,SYN-1020,2026-10-06,Clinic North (synthetic),PT-D,PAY-COMM1,scheduled,treatment
V1385,SYN-1020,2026-10-08,Clinic North (synthetic),PT-D,PAY-COMM1,scheduled,treatment
V1386,SYN-1020,2026-10-11,Clinic North (synthetic),PT-C,PAY-COMM1,scheduled,treatment
V1387,SYN-1020,2026-10-15,Clinic North (synthetic),PT-B,PAY-COMM1,scheduled,treatment
V1388,SYN-1020,2026-10-18,Clinic North (synthetic),PT-C,PAY-COMM1,scheduled,treatment
V1389,SYN-1020,2026-10-22,Clinic North (synthetic),PT-C,PAY-COMM1,scheduled,re-eval
V1390,SYN-1020,2026-10-25,Clinic North (synthetic),PT-C,PAY-COMM1,scheduled,treatment
V1391,SYN-1021,2026-09-01,Clinic Lake (synthetic),PTA-E,PAY-COMM2,completed,eval
V1392,SYN-1021,2026-09-04,Clinic Lake (synthetic),PT-A,PAY-COMM2,completed,treatment
V1393,SYN-1021,2026-09-08,Clinic Lake (synthetic),PT-B,PAY-COMM2,completed,treatment
V1394,SYN-1021,2026-09-11,Clinic Lake (synthetic),PTA-E,PAY-COMM2,completed,treatment
V1395,SYN-1021,2026-09-14,Clinic Lake (synthetic),PT-D,PAY-COMM2,completed,treatment
V1396,SYN-1021,2026-09-17,Clinic Lake (synthetic),PT-B,PAY-COMM2,completed,treatment
V1397,SYN-1021,2026-09-20,Clinic Lake (synthetic),PT-B,PAY-COMM2,completed,treatment
V1398,SYN-1021,2026-09-23,Clinic Lake (synthetic),PT-A,PAY-COMM2,cancelled,treatment
V1399,SYN-1021,2026-09-25,Clinic Lake (synthetic),PT-D,PAY-COMM2,completed,treatment
V1400,SYN-1021,2026-09-29,Clinic Lake (synthetic),PTA-E,PAY-COMM2,scheduled,treatment
V1401,SYN-1021,2026-10-02,Clinic Lake (synthetic),PT-B,PAY-COMM2,scheduled,re-eval
V1402,SYN-1021,2026-10-04,Clinic Lake (synthetic),PTA-E,PAY-COMM2,scheduled,treatment
V1403,SYN-1021,2026-10-06,Clinic Lake (synthetic),PT-A,PAY-COMM2,scheduled,treatment
V1404,SYN-1021,2026-10-08,Clinic Lake (synthetic),PT-D,PAY-COMM2,scheduled,treatment
V1405,SYN-1021,2026-10-12,Clinic Lake (synthetic),PT-C,PAY-COMM2,scheduled,treatment
V1406,SYN-1021,2026-10-16,Clinic Lake (synthetic),PT-A,PAY-COMM2,scheduled,treatment
V1407,SYN-1021,2026-10-18,Clinic Lake (synthetic),PTA-E,PAY-COMM2,scheduled,treatment
V1408,SYN-1021,2026-10-20,Clinic Lake (synthetic),PT-C,PAY-COMM2,scheduled,treatment
V1409,SYN-1021,2026-10-23,Clinic Lake (synthetic),PT-A,PAY-COMM2,scheduled,treatment
V1410,SYN-1022,2026-08-27,Clinic West (synthetic),PT-C,PAY-WC,completed,eval
V1411,SYN-1022,2026-08-30,Clinic West (synthetic),PT-C,PAY-WC,completed,treatment
V1412,SYN-1022,2026-09-03,Clinic West (synthetic),PT-A,PAY-WC,completed,treatment
V1413,SYN-1022,2026-09-07,Clinic West (synthetic),PTA-E,PAY-WC,completed,treatment
V1414,SYN-1022,2026-09-10,Clinic West (synthetic),PTA-E,PAY-WC,completed,treatment
V1415,SYN-1022,2026-09-12,Clinic West (synthetic),PTA-E,PAY-WC,no_show,treatment
V1416,SYN-1022,2026-09-14,Clinic West (synthetic),PT-D,PAY-WC,completed,treatment
V1417,SYN-1022,2026-09-18,Clinic West (synthetic),PT-B,PAY-WC,completed,treatment
V1418,SYN-1022,2026-09-20,Clinic West (synthetic),PT-A,PAY-WC,completed,treatment
V1419,SYN-1022,2026-09-22,Clinic West (synthetic),PT-A,PAY-WC,completed,treatment
V1420,SYN-1022,2026-09-25,Clinic West (synthetic),PT-C,PAY-WC,completed,re-eval
V1421,SYN-1022,2026-09-29,Clinic West (synthetic),PT-D,PAY-WC,scheduled,treatment
V1422,SYN-1022,2026-10-03,Clinic West (synthetic),PT-D,PAY-WC,scheduled,treatment
V1423,SYN-1022,2026-10-06,Clinic West (synthetic),PT-D,PAY-WC,scheduled,treatment
V1424,SYN-1022,2026-10-09,Clinic West (synthetic),PT-C,PAY-WC,scheduled,treatment
V1425,SYN-1022,2026-10-13,Clinic West (synthetic),PT-A,PAY-WC,scheduled,treatment
V1426,SYN-1022,2026-10-16,Clinic West (synthetic),PT-D,PAY-WC,scheduled,treatment
V1427,SYN-1022,2026-10-20,Clinic West (synthetic),PT-C,PAY-WC,scheduled,treatment
V1428,SYN-1022,2026-10-22,Clinic West (synthetic),PT-B,PAY-WC,scheduled,treatment
V1429,SYN-1022,2026-10-26,Clinic West (synthetic),PTA-E,PAY-WC,scheduled,treatment
V1430,SYN-1023,2026-08-04,Clinic North (synthetic),PT-C,PAY-COMM1,completed,eval
V1431,SYN-1023,2026-08-07,Clinic North (synthetic),PT-D,PAY-COMM1,completed,treatment
V1432,SYN-1023,2026-08-11,Clinic North (synthetic),PTA-E,PAY-COMM1,completed,treatment
V1433,SYN-1023,2026-08-13,Clinic North (synthetic),PT-C,PAY-COMM1,completed,treatment
V1434,SYN-1023,2026-08-15,Clinic North (synthetic),PT-A,PAY-COMM1,completed,treatment
V1435,SYN-1023,2026-08-19,Clinic North (synthetic),PT-C,PAY-COMM1,completed,treatment
V1436,SYN-1023,2026-08-21,Clinic North (synthetic),PT-C,PAY-COMM1,completed,treatment
V1437,SYN-1023,2026-08-24,Clinic North (synthetic),PTA-E,PAY-COMM1,completed,treatment
V1438,SYN-1023,2026-08-27,Clinic North (synthetic),PT-B,PAY-COMM1,completed,treatment
V1439,SYN-1023,2026-08-29,Clinic North (synthetic),PT-C,PAY-COMM1,completed,treatment
V1440,SYN-1023,2026-08-31,Clinic North (synthetic),PTA-E,PAY-COMM1,completed,re-eval
V1441,SYN-1023,2026-09-02,Clinic North (synthetic),PTA-E,PAY-COMM1,cancelled,treatment
V1442,SYN-1023,2026-09-05,Clinic North (synthetic),PT-B,PAY-COMM1,no_show,treatment
V1443,SYN-1023,2026-09-07,Clinic North (synthetic),PT-D,PAY-COMM1,completed,treatment
V1444,SYN-1023,2026-09-09,Clinic North (synthetic),PTA-E,PAY-COMM1,completed,treatment
V1445,SYN-1023,2026-09-13,Clinic North (synthetic),PTA-E,PAY-COMM1,completed,treatment
V1446,SYN-1023,2026-09-17,Clinic North (synthetic),PT-B,PAY-COMM1,completed,treatment
V1447,SYN-1023,2026-09-21,Clinic North (synthetic),PTA-E,PAY-COMM1,completed,treatment
V1448,SYN-1023,2026-09-23,Clinic North (synthetic),PT-C,PAY-COMM1,completed,treatment
V1449,SYN-1023,2026-09-26,Clinic North (synthetic),PTA-E,PAY-COMM1,completed,treatment
V1450,SYN-1023,2026-09-30,Clinic North (synthetic),PTA-E,PAY-COMM1,scheduled,re-eval
V1451,SYN-1023,2026-10-04,Clinic North (synthetic),PT-D,PAY-COMM1,scheduled,treatment
V1452,SYN-1023,2026-10-06,Clinic North (synthetic),PT-C,PAY-COMM1,scheduled,treatment
V1453,SYN-1023,2026-10-08,Clinic North (synthetic),PT-C,PAY-COMM1,scheduled,treatment
V1454,SYN-1023,2026-10-11,Clinic North (synthetic),PT-D,PAY-COMM1,scheduled,treatment
V1455,SYN-1023,2026-10-14,Clinic North (synthetic),PT-A,PAY-COMM1,scheduled,treatment
V1456,SYN-1023,2026-10-17,Clinic North (synthetic),PT-C,PAY-COMM1,scheduled,treatment
V1457,SYN-1023,2026-10-19,Clinic North (synthetic),PT-A,PAY-COMM1,scheduled,treatment
V1458,SYN-1023,2026-10-21,Clinic North (synthetic),PT-C,PAY-COMM1,scheduled,treatment
V1459,SYN-1023,2026-10-23,Clinic North (synthetic),PT-B,PAY-COMM1,scheduled,treatment
V1460,SYN-1024,2026-09-14,Clinic West (synthetic),PT-B,PAY-WC,completed,eval
V1461,SYN-1024,2026-09-18,Clinic West (synthetic),PT-D,PAY-WC,completed,treatment
V1462,SYN-1024,2026-09-22,Clinic West (synthetic),PT-A,PAY-WC,completed,treatment
V1463,SYN-1024,2026-09-25,Clinic West (synthetic),PT-A,PAY-WC,completed,treatment
V1464,SYN-1024,2026-09-28,Clinic West (synthetic),PT-C,PAY-WC,scheduled,treatment
V1465,SYN-1024,2026-09-30,Clinic West (synthetic),PT-B,PAY-WC,scheduled,treatment
V1466,SYN-1024,2026-10-04,Clinic West (synthetic),PT-D,PAY-WC,scheduled,treatment
V1467,SYN-1024,2026-10-07,Clinic West (synthetic),PTA-E,PAY-WC,scheduled,treatment
V1468,SYN-1024,2026-10-10,Clinic West (synthetic),PT-C,PAY-WC,scheduled,treatment
V1469,SYN-1024,2026-10-14,Clinic West (synthetic),PTA-E,PAY-WC,scheduled,treatment
V1470,SYN-1024,2026-10-17,Clinic West (synthetic),PT-D,PAY-WC,scheduled,re-eval
V1471,SYN-1024,2026-10-19,Clinic West (synthetic),PT-D,PAY-WC,scheduled,treatment
V1472,SYN-1024,2026-10-23,Clinic West (synthetic),PT-C,PAY-WC,scheduled,treatment
V1473,SYN-1025,2026-08-10,Clinic North (synthetic),PTA-E,PAY-COMM2,completed,eval
V1474,SYN-1025,2026-08-13,Clinic North (synthetic),PT-B,PAY-COMM2,completed,treatment
V1475,SYN-1025,2026-08-16,Clinic North (synthetic),PT-A,PAY-COMM2,completed,treatment
V1476,SYN-1025,2026-08-19,Clinic North (synthetic),PTA-E,PAY-COMM2,completed,treatment
V1477,SYN-1025,2026-08-23,Clinic North (synthetic),PT-D,PAY-COMM2,completed,treatment
V1478,SYN-1025,2026-08-27,Clinic North (synthetic),PT-A,PAY-COMM2,completed,treatment
V1479,SYN-1025,2026-08-30,Clinic North (synthetic),PT-D,PAY-COMM2,completed,treatment
V1480,SYN-1025,2026-09-03,Clinic North (synthetic),PT-B,PAY-COMM2,completed,treatment
V1481,SYN-1025,2026-09-07,Clinic North (synthetic),PT-A,PAY-COMM2,completed,treatment
V1482,SYN-1025,2026-09-09,Clinic North (synthetic),PTA-E,PAY-COMM2,completed,treatment
V1483,SYN-1025,2026-09-11,Clinic North (synthetic),PT-C,PAY-COMM2,completed,re-eval
V1484,SYN-1025,2026-09-15,Clinic North (synthetic),PT-B,PAY-COMM2,completed,treatment
V1485,SYN-1025,2026-09-17,Clinic North (synthetic),PTA-E,PAY-COMM2,completed,treatment
V1486,SYN-1025,2026-09-20,Clinic North (synthetic),PTA-E,PAY-COMM2,completed,treatment
V1487,SYN-1025,2026-09-23,Clinic North (synthetic),PT-B,PAY-COMM2,completed,treatment
V1488,SYN-1025,2026-09-26,Clinic North (synthetic),PT-D,PAY-COMM2,completed,treatment
V1489,SYN-1025,2026-09-28,Clinic North (synthetic),PT-A,PAY-COMM2,scheduled,treatment
V1490,SYN-1025,2026-09-30,Clinic North (synthetic),PTA-E,PAY-COMM2,scheduled,treatment
V1491,SYN-1025,2026-10-04,Clinic North (synthetic),PT-C,PAY-COMM2,scheduled,treatment
V1492,SYN-1025,2026-10-08,Clinic North (synthetic),PTA-E,PAY-COMM2,scheduled,treatment
V1493,SYN-1025,2026-10-12,Clinic North (synthetic),PTA-E,PAY-COMM2,scheduled,re-eval
V1494,SYN-1025,2026-10-14,Clinic North (synthetic),PT-D,PAY-COMM2,scheduled,treatment
V1495,SYN-1025,2026-10-16,Clinic North (synthetic),PT-D,PAY-COMM2,scheduled,treatment
V1496,SYN-1025,2026-10-18,Clinic North (synthetic),PT-C,PAY-COMM2,scheduled,treatment
V1497,SYN-1025,2026-10-20,Clinic North (synthetic),PT-A,PAY-COMM2,scheduled,treatment
V1498,SYN-1025,2026-10-24,Clinic North (synthetic),PT-D,PAY-COMM2,scheduled,treatment
V1499,SYN-1026,2026-08-09,Clinic North (synthetic),PT-C,PAY-COMM1,completed,eval
V1500,SYN-1026,2026-08-11,Clinic North (synthetic),PT-D,PAY-COMM1,completed,treatment
V1501,SYN-1026,2026-08-14,Clinic North (synthetic),PT-C,PAY-COMM1,completed,treatment
V1502,SYN-1026,2026-08-18,Clinic North (synthetic),PT-B,PAY-COMM1,completed,treatment
V1503,SYN-1026,2026-08-22,Clinic North (synthetic),PT-B,PAY-COMM1,completed,treatment
V1504,SYN-1026,2026-08-26,Clinic North (synthetic),PTA-E,PAY-COMM1,completed,treatment
V1505,SYN-1026,2026-08-29,Clinic North (synthetic),PTA-E,PAY-COMM1,completed,treatment
V1506,SYN-1026,2026-09-01,Clinic North (synthetic),PT-D,PAY-COMM1,completed,treatment
V1507,SYN-1026,2026-09-05,Clinic North (synthetic),PT-B,PAY-COMM1,completed,treatment
V1508,SYN-1026,2026-09-09,Clinic North (synthetic),PT-C,PAY-COMM1,completed,treatment
V1509,SYN-1026,2026-09-13,Clinic North (synthetic),PT-A,PAY-COMM1,completed,re-eval
V1510,SYN-1026,2026-09-15,Clinic North (synthetic),PT-C,PAY-COMM1,completed,treatment
V1511,SYN-1026,2026-09-19,Clinic North (synthetic),PT-A,PAY-COMM1,completed,treatment
V1512,SYN-1026,2026-09-21,Clinic North (synthetic),PT-B,PAY-COMM1,completed,treatment
V1513,SYN-1026,2026-09-24,Clinic North (synthetic),PT-D,PAY-COMM1,completed,treatment
V1514,SYN-1026,2026-09-26,Clinic North (synthetic),PT-B,PAY-COMM1,completed,treatment
V1515,SYN-1026,2026-09-29,Clinic North (synthetic),PT-D,PAY-COMM1,scheduled,treatment
V1516,SYN-1026,2026-10-02,Clinic North (synthetic),PT-C,PAY-COMM1,scheduled,treatment
V1517,SYN-1026,2026-10-05,Clinic North (synthetic),PT-A,PAY-COMM1,scheduled,treatment
V1518,SYN-1026,2026-10-07,Clinic North (synthetic),PT-C,PAY-COMM1,scheduled,treatment
V1519,SYN-1026,2026-10-10,Clinic North (synthetic),PT-B,PAY-COMM1,scheduled,re-eval
V1520,SYN-1026,2026-10-12,Clinic North (synthetic),PT-D,PAY-COMM1,scheduled,treatment
V1521,SYN-1026,2026-10-14,Clinic North (synthetic),PT-B,PAY-COMM1,scheduled,treatment
V1522,SYN-1026,2026-10-17,Clinic North (synthetic),PT-D,PAY-COMM1,scheduled,treatment
V1523,SYN-1026,2026-10-21,Clinic North (synthetic),PTA-E,PAY-COMM1,scheduled,treatment
V1524,SYN-1026,2026-10-24,Clinic North (synthetic),PT-D,PAY-COMM1,scheduled,treatment
V1525,SYN-1026,2026-10-26,Clinic North (synthetic),PT-A,PAY-COMM1,scheduled,treatment
V1526,SYN-1027,2026-08-10,Clinic Lake (synthetic),PT-D,PAY-COMM1,completed,eval
V1527,SYN-1027,2026-08-14,Clinic Lake (synthetic),PTA-E,PAY-COMM1,completed,treatment
V1528,SYN-1027,2026-08-16,Clinic Lake (synthetic),PTA-E,PAY-COMM1,completed,treatment
V1529,SYN-1027,2026-08-20,Clinic Lake (synthetic),PTA-E,PAY-COMM1,completed,treatment
V1530,SYN-1027,2026-08-22,Clinic Lake (synthetic),PT-A,PAY-COMM1,completed,treatment
V1531,SYN-1027,2026-08-24,Clinic Lake (synthetic),PT-C,PAY-COMM1,completed,treatment
V1532,SYN-1027,2026-08-27,Clinic Lake (synthetic),PTA-E,PAY-COMM1,completed,treatment
V1533,SYN-1027,2026-08-30,Clinic Lake (synthetic),PT-A,PAY-COMM1,completed,treatment
V1534,SYN-1027,2026-09-02,Clinic Lake (synthetic),PTA-E,PAY-COMM1,completed,treatment
V1535,SYN-1027,2026-09-06,Clinic Lake (synthetic),PT-D,PAY-COMM1,completed,treatment
V1536,SYN-1027,2026-09-09,Clinic Lake (synthetic),PT-B,PAY-COMM1,completed,re-eval
V1537,SYN-1027,2026-09-11,Clinic Lake (synthetic),PT-B,PAY-COMM1,completed,treatment
V1538,SYN-1027,2026-09-15,Clinic Lake (synthetic),PT-D,PAY-COMM1,completed,treatment
V1539,SYN-1027,2026-09-18,Clinic Lake (synthetic),PT-B,PAY-COMM1,completed,treatment
V1540,SYN-1027,2026-09-22,Clinic Lake (synthetic),PT-B,PAY-COMM1,completed,treatment
V1541,SYN-1027,2026-09-24,Clinic Lake (synthetic),PT-B,PAY-COMM1,completed,treatment
V1542,SYN-1027,2026-09-27,Clinic Lake (synthetic),PT-B,PAY-COMM1,completed,treatment
V1543,SYN-1027,2026-09-29,Clinic Lake (synthetic),PT-B,PAY-COMM1,scheduled,treatment
V1544,SYN-1027,2026-10-01,Clinic Lake (synthetic),PT-C,PAY-COMM1,scheduled,treatment
V1545,SYN-1027,2026-10-05,Clinic Lake (synthetic),PT-C,PAY-COMM1,scheduled,treatment
V1546,SYN-1027,2026-10-09,Clinic Lake (synthetic),PT-B,PAY-COMM1,scheduled,re-eval
V1547,SYN-1027,2026-10-13,Clinic Lake (synthetic),PTA-E,PAY-COMM1,scheduled,treatment
V1548,SYN-1027,2026-10-15,Clinic Lake (synthetic),PT-D,PAY-COMM1,scheduled,treatment
V1549,SYN-1027,2026-10-17,Clinic Lake (synthetic),PTA-E,PAY-COMM1,scheduled,treatment
V1550,SYN-1027,2026-10-19,Clinic Lake (synthetic),PT-D,PAY-COMM1,scheduled,treatment
V1551,SYN-1027,2026-10-21,Clinic Lake (synthetic),PT-A,PAY-COMM1,scheduled,treatment
V1552,SYN-1027,2026-10-25,Clinic Lake (synthetic),PTA-E,PAY-COMM1,scheduled,treatment
V1553,SYN-1028,2026-08-21,Clinic North (synthetic),PT-C,PAY-COMM2,completed,eval
V1554,SYN-1028,2026-08-24,Clinic North (synthetic),PT-B,PAY-COMM2,completed,treatment
V1555,SYN-1028,2026-08-27,Clinic North (synthetic),PTA-E,PAY-COMM2,completed,treatment
V1556,SYN-1028,2026-08-29,Clinic North (synthetic),PT-D,PAY-COMM2,completed,treatment
V1557,SYN-1028,2026-09-02,Clinic North (synthetic),PT-A,PAY-COMM2,completed,treatment
V1558,SYN-1028,2026-09-06,Clinic North (synthetic),PTA-E,PAY-COMM2,completed,treatment
V1559,SYN-1028,2026-09-10,Clinic North (synthetic),PT-D,PAY-COMM2,completed,treatment
V1560,SYN-1028,2026-09-14,Clinic North (synthetic),PT-A,PAY-COMM2,completed,treatment
V1561,SYN-1028,2026-09-17,Clinic North (synthetic),PT-C,PAY-COMM2,completed,treatment
V1562,SYN-1028,2026-09-19,Clinic North (synthetic),PT-C,PAY-COMM2,completed,treatment
V1563,SYN-1028,2026-09-21,Clinic North (synthetic),PTA-E,PAY-COMM2,completed,re-eval
V1564,SYN-1028,2026-09-24,Clinic North (synthetic),PT-C,PAY-COMM2,completed,treatment
V1565,SYN-1028,2026-09-26,Clinic North (synthetic),PT-A,PAY-COMM2,completed,treatment
V1566,SYN-1028,2026-09-30,Clinic North (synthetic),PT-A,PAY-COMM2,scheduled,treatment
V1567,SYN-1028,2026-10-02,Clinic North (synthetic),PT-B,PAY-COMM2,scheduled,treatment
V1568,SYN-1028,2026-10-05,Clinic North (synthetic),PT-A,PAY-COMM2,scheduled,treatment
V1569,SYN-1028,2026-10-09,Clinic North (synthetic),PT-A,PAY-COMM2,scheduled,treatment
V1570,SYN-1028,2026-10-11,Clinic North (synthetic),PT-B,PAY-COMM2,scheduled,treatment
V1571,SYN-1028,2026-10-15,Clinic North (synthetic),PT-A,PAY-COMM2,scheduled,treatment
V1572,SYN-1028,2026-10-17,Clinic North (synthetic),PT-A,PAY-COMM2,scheduled,treatment
V1573,SYN-1028,2026-10-19,Clinic North (synthetic),PT-D,PAY-COMM2,scheduled,re-eval
V1574,SYN-1028,2026-10-23,Clinic North (synthetic),PT-D,PAY-COMM2,scheduled,treatment
V1575,SYN-1028,2026-10-25,Clinic North (synthetic),PTA-E,PAY-COMM2,scheduled,treatment
V1576,SYN-1029,2026-08-22,Clinic West (synthetic),PT-C,PAY-WC,cancelled,eval
V1577,SYN-1029,2026-08-24,Clinic West (synthetic),PT-D,PAY-WC,completed,treatment
V1578,SYN-1029,2026-08-26,Clinic West (synthetic),PT-B,PAY-WC,completed,treatment
V1579,SYN-1029,2026-08-30,Clinic West (synthetic),PT-A,PAY-WC,completed,treatment
V1580,SYN-1029,2026-09-01,Clinic West (synthetic),PTA-E,PAY-WC,completed,treatment
V1581,SYN-1029,2026-09-05,Clinic West (synthetic),PT-A,PAY-WC,completed,treatment
V1582,SYN-1029,2026-09-07,Clinic West (synthetic),PT-A,PAY-WC,completed,treatment
V1583,SYN-1029,2026-09-11,Clinic West (synthetic),PT-D,PAY-WC,completed,treatment
V1584,SYN-1029,2026-09-15,Clinic West (synthetic),PT-D,PAY-WC,completed,treatment
V1585,SYN-1029,2026-09-17,Clinic West (synthetic),PTA-E,PAY-WC,completed,treatment
V1586,SYN-1029,2026-09-21,Clinic West (synthetic),PT-D,PAY-WC,completed,re-eval
V1587,SYN-1029,2026-09-23,Clinic West (synthetic),PT-A,PAY-WC,cancelled,treatment
V1588,SYN-1029,2026-09-26,Clinic West (synthetic),PT-B,PAY-WC,completed,treatment
V1589,SYN-1029,2026-09-29,Clinic West (synthetic),PT-A,PAY-WC,scheduled,treatment
V1590,SYN-1029,2026-10-01,Clinic West (synthetic),PTA-E,PAY-WC,scheduled,treatment
V1591,SYN-1029,2026-10-03,Clinic West (synthetic),PT-C,PAY-WC,scheduled,treatment
V1592,SYN-1029,2026-10-07,Clinic West (synthetic),PT-C,PAY-WC,scheduled,treatment
V1593,SYN-1029,2026-10-09,Clinic West (synthetic),PTA-E,PAY-WC,scheduled,treatment
V1594,SYN-1029,2026-10-11,Clinic West (synthetic),PT-D,PAY-WC,scheduled,treatment
V1595,SYN-1029,2026-10-15,Clinic West (synthetic),PT-B,PAY-WC,scheduled,treatment
V1596,SYN-1029,2026-10-17,Clinic West (synthetic),PT-B,PAY-WC,scheduled,re-eval
V1597,SYN-1029,2026-10-20,Clinic West (synthetic),PT-A,PAY-WC,scheduled,treatment
V1598,SYN-1029,2026-10-22,Clinic West (synthetic),PT-A,PAY-WC,scheduled,treatment
V1599,SYN-1029,2026-10-26,Clinic West (synthetic),PTA-E,PAY-WC,scheduled,treatment
V1600,SYN-1030,2026-08-19,Clinic West (synthetic),PT-C,PAY-COMM2,completed,eval
V1601,SYN-1030,2026-08-23,Clinic West (synthetic),PT-D,PAY-COMM2,completed,treatment
V1602,SYN-1030,2026-08-27,Clinic West (synthetic),PTA-E,PAY-COMM2,completed,treatment
V1603,SYN-1030,2026-08-31,Clinic West (synthetic),PTA-E,PAY-COMM2,completed,treatment
V1604,SYN-1030,2026-09-04,Clinic West (synthetic),PT-B,PAY-COMM2,completed,treatment
V1605,SYN-1030,2026-09-08,Clinic West (synthetic),PT-D,PAY-COMM2,completed,treatment
V1606,SYN-1030,2026-09-11,Clinic West (synthetic),PTA-E,PAY-COMM2,completed,treatment
V1607,SYN-1030,2026-09-15,Clinic West (synthetic),PTA-E,PAY-COMM2,completed,treatment
V1608,SYN-1030,2026-09-18,Clinic West (synthetic),PT-B,PAY-COMM2,cancelled,treatment
V1609,SYN-1030,2026-09-21,Clinic West (synthetic),PT-A,PAY-COMM2,completed,treatment
V1610,SYN-1030,2026-09-25,Clinic West (synthetic),PT-D,PAY-COMM2,completed,re-eval
V1611,SYN-1030,2026-09-28,Clinic West (synthetic),PT-B,PAY-COMM2,scheduled,treatment
V1612,SYN-1030,2026-10-01,Clinic West (synthetic),PT-A,PAY-COMM2,scheduled,treatment
V1613,SYN-1030,2026-10-05,Clinic West (synthetic),PT-D,PAY-COMM2,scheduled,treatment
V1614,SYN-1030,2026-10-09,Clinic West (synthetic),PT-C,PAY-COMM2,scheduled,treatment
V1615,SYN-1030,2026-10-13,Clinic West (synthetic),PTA-E,PAY-COMM2,scheduled,treatment
V1616,SYN-1030,2026-10-16,Clinic West (synthetic),PT-D,PAY-COMM2,scheduled,treatment
V1617,SYN-1030,2026-10-18,Clinic West (synthetic),PTA-E,PAY-COMM2,scheduled,treatment
V1618,SYN-1030,2026-10-20,Clinic West (synthetic),PT-D,PAY-COMM2,scheduled,treatment
V1619,SYN-1030,2026-10-22,Clinic West (synthetic),PT-B,PAY-COMM2,scheduled,treatment
V1620,SYN-1030,2026-10-26,Clinic West (synthetic),PT-D,PAY-COMM2,scheduled,re-eval
V1621,SYN-1031,2026-09-13,Clinic North (synthetic),PT-D,PAY-COMM1,completed,eval
V1622,SYN-1031,2026-09-16,Clinic North (synthetic),PT-B,PAY-COMM1,completed,treatment
V1623,SYN-1031,2026-09-19,Clinic North (synthetic),PT-C,PAY-COMM1,completed,treatment
V1624,SYN-1031,2026-09-21,Clinic North (synthetic),PT-C,PAY-COMM1,completed,treatment
V1625,SYN-1031,2026-09-23,Clinic North (synthetic),PT-D,PAY-COMM1,cancelled,treatment
V1626,SYN-1031,2026-09-25,Clinic North (synthetic),PT-D,PAY-COMM1,completed,treatment
V1627,SYN-1031,2026-09-27,Clinic North (synthetic),PT-B,PAY-COMM1,completed,treatment
V1628,SYN-1031,2026-09-29,Clinic North (synthetic),PTA-E,PAY-COMM1,scheduled,treatment
V1629,SYN-1031,2026-10-01,Clinic North (synthetic),PT-A,PAY-COMM1,scheduled,treatment
V1630,SYN-1031,2026-10-03,Clinic North (synthetic),PT-C,PAY-COMM1,scheduled,treatment
V1631,SYN-1031,2026-10-06,Clinic North (synthetic),PT-A,PAY-COMM1,scheduled,re-eval
V1632,SYN-1031,2026-10-10,Clinic North (synthetic),PT-A,PAY-COMM1,scheduled,treatment
V1633,SYN-1031,2026-10-13,Clinic North (synthetic),PT-D,PAY-COMM1,scheduled,treatment
V1634,SYN-1031,2026-10-15,Clinic North (synthetic),PT-B,PAY-COMM1,scheduled,treatment
V1635,SYN-1031,2026-10-17,Clinic North (synthetic),PT-A,PAY-COMM1,scheduled,treatment
V1636,SYN-1031,2026-10-20,Clinic North (synthetic),PT-D,PAY-COMM1,scheduled,treatment
V1637,SYN-1031,2026-10-23,Clinic North (synthetic),PT-B,PAY-COMM1,scheduled,treatment
V1638,SYN-1032,2026-09-06,Clinic West (synthetic),PT-B,PAY-MA,completed,eval
V1639,SYN-1032,2026-09-09,Clinic West (synthetic),PT-C,PAY-MA,completed,treatment
V1640,SYN-1032,2026-09-12,Clinic West (synthetic),PT-D,PAY-MA,completed,treatment
V1641,SYN-1032,2026-09-14,Clinic West (synthetic),PT-A,PAY-MA,completed,treatment
V1642,SYN-1032,2026-09-16,Clinic West (synthetic),PTA-E,PAY-MA,completed,treatment
V1643,SYN-1032,2026-09-18,Clinic West (synthetic),PTA-E,PAY-MA,completed,treatment
V1644,SYN-1032,2026-09-22,Clinic West (synthetic),PT-A,PAY-MA,completed,treatment
V1645,SYN-1032,2026-09-24,Clinic West (synthetic),PT-A,PAY-MA,completed,treatment
V1646,SYN-1032,2026-09-26,Clinic West (synthetic),PT-A,PAY-MA,completed,treatment
V1647,SYN-1032,2026-09-29,Clinic West (synthetic),PTA-E,PAY-MA,scheduled,treatment
V1648,SYN-1032,2026-10-02,Clinic West (synthetic),PT-C,PAY-MA,scheduled,re-eval
V1649,SYN-1032,2026-10-05,Clinic West (synthetic),PT-B,PAY-MA,scheduled,treatment
V1650,SYN-1032,2026-10-09,Clinic West (synthetic),PT-A,PAY-MA,scheduled,treatment
V1651,SYN-1032,2026-10-11,Clinic West (synthetic),PTA-E,PAY-MA,scheduled,treatment
V1652,SYN-1032,2026-10-14,Clinic West (synthetic),PT-C,PAY-MA,scheduled,treatment
V1653,SYN-1032,2026-10-18,Clinic West (synthetic),PT-D,PAY-MA,scheduled,treatment
V1654,SYN-1032,2026-10-20,Clinic West (synthetic),PT-A,PAY-MA,scheduled,treatment
V1655,SYN-1032,2026-10-22,Clinic West (synthetic),PT-A,PAY-MA,scheduled,treatment
V1656,SYN-1032,2026-10-25,Clinic West (synthetic),PT-B,PAY-MA,scheduled,treatment
V1657,SYN-1033,2026-09-07,Clinic West (synthetic),PT-D,PAY-SELF,completed,eval
V1658,SYN-1033,2026-09-11,Clinic West (synthetic),PTA-E,PAY-SELF,completed,treatment
V1659,SYN-1033,2026-09-13,Clinic West (synthetic),PT-C,PAY-SELF,completed,treatment
V1660,SYN-1033,2026-09-15,Clinic West (synthetic),PTA-E,PAY-SELF,no_show,treatment
V1661,SYN-1033,2026-09-19,Clinic West (synthetic),PT-A,PAY-SELF,cancelled,treatment
V1662,SYN-1033,2026-09-23,Clinic West (synthetic),PT-B,PAY-SELF,completed,treatment
V1663,SYN-1033,2026-09-26,Clinic West (synthetic),PT-B,PAY-SELF,completed,treatment
V1664,SYN-1033,2026-09-28,Clinic West (synthetic),PT-D,PAY-SELF,scheduled,treatment
V1665,SYN-1033,2026-10-02,Clinic West (synthetic),PT-B,PAY-SELF,scheduled,treatment
V1666,SYN-1033,2026-10-04,Clinic West (synthetic),PT-C,PAY-SELF,scheduled,treatment
V1667,SYN-1033,2026-10-06,Clinic West (synthetic),PT-B,PAY-SELF,scheduled,re-eval
V1668,SYN-1033,2026-10-10,Clinic West (synthetic),PT-D,PAY-SELF,scheduled,treatment
V1669,SYN-1033,2026-10-12,Clinic West (synthetic),PT-D,PAY-SELF,scheduled,treatment
V1670,SYN-1033,2026-10-15,Clinic West (synthetic),PT-C,PAY-SELF,scheduled,treatment
V1671,SYN-1033,2026-10-19,Clinic West (synthetic),PT-D,PAY-SELF,scheduled,treatment
V1672,SYN-1033,2026-10-23,Clinic West (synthetic),PT-C,PAY-SELF,scheduled,treatment
V1673,SYN-1033,2026-10-26,Clinic West (synthetic),PT-B,PAY-SELF,scheduled,treatment
V1674,SYN-1034,2026-08-27,Clinic West (synthetic),PT-B,PAY-MA,completed,eval
V1675,SYN-1034,2026-08-30,Clinic West (synthetic),PT-A,PAY-MA,completed,treatment
V1676,SYN-1034,2026-09-02,Clinic West (synthetic),PT-A,PAY-MA,completed,treatment
V1677,SYN-1034,2026-09-05,Clinic West (synthetic),PT-D,PAY-MA,cancelled,treatment
V1678,SYN-1034,2026-09-09,Clinic West (synthetic),PT-B,PAY-MA,completed,treatment
V1679,SYN-1034,2026-09-12,Clinic West (synthetic),PT-D,PAY-MA,completed,treatment
V1680,SYN-1034,2026-09-16,Clinic West (synthetic),PT-C,PAY-MA,completed,treatment
V1681,SYN-1034,2026-09-19,Clinic West (synthetic),PT-B,PAY-MA,completed,treatment
V1682,SYN-1034,2026-09-22,Clinic West (synthetic),PT-A,PAY-MA,completed,treatment
V1683,SYN-1034,2026-09-24,Clinic West (synthetic),PT-D,PAY-MA,completed,treatment
V1684,SYN-1034,2026-09-26,Clinic West (synthetic),PTA-E,PAY-MA,completed,re-eval
V1685,SYN-1034,2026-09-30,Clinic West (synthetic),PTA-E,PAY-MA,scheduled,treatment
V1686,SYN-1034,2026-10-04,Clinic West (synthetic),PT-B,PAY-MA,scheduled,treatment
V1687,SYN-1034,2026-10-08,Clinic West (synthetic),PT-C,PAY-MA,scheduled,treatment
V1688,SYN-1034,2026-10-10,Clinic West (synthetic),PT-B,PAY-MA,scheduled,treatment
V1689,SYN-1034,2026-10-12,Clinic West (synthetic),PTA-E,PAY-MA,scheduled,treatment
V1690,SYN-1034,2026-10-15,Clinic West (synthetic),PT-D,PAY-MA,scheduled,treatment
V1691,SYN-1034,2026-10-17,Clinic West (synthetic),PT-A,PAY-MA,scheduled,treatment
V1692,SYN-1034,2026-10-19,Clinic West (synthetic),PT-A,PAY-MA,scheduled,treatment
V1693,SYN-1034,2026-10-22,Clinic West (synthetic),PTA-E,PAY-MA,scheduled,treatment
V1694,SYN-1034,2026-10-25,Clinic West (synthetic),PTA-E,PAY-MA,scheduled,re-eval
V1695,SYN-1035,2026-08-23,Clinic North (synthetic),PTA-E,PAY-COMM2,completed,eval
V1696,SYN-1035,2026-08-25,Clinic North (synthetic),PTA-E,PAY-COMM2,completed,treatment
V1697,SYN-1035,2026-08-29,Clinic North (synthetic),PT-B,PAY-COMM2,completed,treatment
V1698,SYN-1035,2026-09-02,Clinic North (synthetic),PTA-E,PAY-COMM2,completed,treatment
V1699,SYN-1035,2026-09-04,Clinic North (synthetic),PT-C,PAY-COMM2,completed,treatment
V1700,SYN-1035,2026-09-08,Clinic North (synthetic),PT-D,PAY-COMM2,completed,treatment
V1701,SYN-1035,2026-09-11,Clinic North (synthetic),PTA-E,PAY-COMM2,completed,treatment
V1702,SYN-1035,2026-09-15,Clinic North (synthetic),PT-A,PAY-COMM2,completed,treatment
V1703,SYN-1035,2026-09-19,Clinic North (synthetic),PT-D,PAY-COMM2,completed,treatment
V1704,SYN-1035,2026-09-21,Clinic North (synthetic),PTA-E,PAY-COMM2,completed,treatment
V1705,SYN-1035,2026-09-24,Clinic North (synthetic),PT-C,PAY-COMM2,cancelled,re-eval
V1706,SYN-1035,2026-09-27,Clinic North (synthetic),PT-A,PAY-COMM2,completed,treatment
V1707,SYN-1035,2026-10-01,Clinic North (synthetic),PT-C,PAY-COMM2,scheduled,treatment
V1708,SYN-1035,2026-10-04,Clinic North (synthetic),PTA-E,PAY-COMM2,scheduled,treatment
V1709,SYN-1035,2026-10-06,Clinic North (synthetic),PTA-E,PAY-COMM2,scheduled,treatment
V1710,SYN-1035,2026-10-10,Clinic North (synthetic),PT-B,PAY-COMM2,scheduled,treatment
V1711,SYN-1035,2026-10-14,Clinic North (synthetic),PT-B,PAY-COMM2,scheduled,treatment
V1712,SYN-1035,2026-10-17,Clinic North (synthetic),PT-B,PAY-COMM2,scheduled,treatment
V1713,SYN-1035,2026-10-19,Clinic North (synthetic),PT-A,PAY-COMM2,scheduled,treatment
V1714,SYN-1035,2026-10-22,Clinic North (synthetic),PT-D,PAY-COMM2,scheduled,treatment
V1715,SYN-1035,2026-10-26,Clinic North (synthetic),PTA-E,PAY-COMM2,scheduled,re-eval
V1716,SYN-1036,2026-08-12,Clinic Lake (synthetic),PT-B,PAY-WC,completed,eval
V1717,SYN-1036,2026-08-14,Clinic Lake (synthetic),PT-C,PAY-WC,completed,treatment
V1718,SYN-1036,2026-08-16,Clinic Lake (synthetic),PT-B,PAY-WC,completed,treatment
V1719,SYN-1036,2026-08-18,Clinic Lake (synthetic),PT-A,PAY-WC,completed,treatment
V1720,SYN-1036,2026-08-21,Clinic Lake (synthetic),PT-D,PAY-WC,completed,treatment
V1721,SYN-1036,2026-08-23,Clinic Lake (synthetic),PT-A,PAY-WC,completed,treatment
V1722,SYN-1036,2026-08-26,Clinic Lake (synthetic),PT-C,PAY-WC,completed,treatment
V1723,SYN-1036,2026-08-28,Clinic Lake (synthetic),PTA-E,PAY-WC,completed,treatment
V1724,SYN-1036,2026-09-01,Clinic Lake (synthetic),PT-B,PAY-WC,completed,treatment
V1725,SYN-1036,2026-09-04,Clinic Lake (synthetic),PT-C,PAY-WC,completed,treatment
V1726,SYN-1036,2026-09-07,Clinic Lake (synthetic),PT-A,PAY-WC,completed,re-eval
V1727,SYN-1036,2026-09-10,Clinic Lake (synthetic),PTA-E,PAY-WC,completed,treatment
V1728,SYN-1036,2026-09-13,Clinic Lake (synthetic),PT-B,PAY-WC,completed,treatment
V1729,SYN-1036,2026-09-15,Clinic Lake (synthetic),PT-B,PAY-WC,completed,treatment
V1730,SYN-1036,2026-09-19,Clinic Lake (synthetic),PT-C,PAY-WC,no_show,treatment
V1731,SYN-1036,2026-09-22,Clinic Lake (synthetic),PT-A,PAY-WC,completed,treatment
V1732,SYN-1036,2026-09-26,Clinic Lake (synthetic),PT-D,PAY-WC,completed,treatment
V1733,SYN-1036,2026-09-30,Clinic Lake (synthetic),PTA-E,PAY-WC,scheduled,treatment
V1734,SYN-1036,2026-10-04,Clinic Lake (synthetic),PT-B,PAY-WC,scheduled,treatment
V1735,SYN-1036,2026-10-06,Clinic Lake (synthetic),PTA-E,PAY-WC,scheduled,treatment
V1736,SYN-1036,2026-10-10,Clinic Lake (synthetic),PT-C,PAY-WC,scheduled,re-eval
V1737,SYN-1036,2026-10-13,Clinic Lake (synthetic),PT-B,PAY-WC,scheduled,treatment
V1738,SYN-1036,2026-10-15,Clinic Lake (synthetic),PTA-E,PAY-WC,scheduled,treatment
V1739,SYN-1036,2026-10-19,Clinic Lake (synthetic),PT-B,PAY-WC,scheduled,treatment
V1740,SYN-1036,2026-10-23,Clinic Lake (synthetic),PT-A,PAY-WC,scheduled,treatment
V1741,SYN-1037,2026-08-09,Clinic Lake (synthetic),PT-C,PAY-COMM2,no_show,eval
V1742,SYN-1037,2026-08-11,Clinic Lake (synthetic),PT-A,PAY-COMM2,completed,treatment
V1743,SYN-1037,2026-08-13,Clinic Lake (synthetic),PT-B,PAY-COMM2,completed,treatment
V1744,SYN-1037,2026-08-15,Clinic Lake (synthetic),PT-D,PAY-COMM2,completed,treatment
V1745,SYN-1037,2026-08-19,Clinic Lake (synthetic),PT-B,PAY-COMM2,completed,treatment
V1746,SYN-1037,2026-08-23,Clinic Lake (synthetic),PT-D,PAY-COMM2,completed,treatment
V1747,SYN-1037,2026-08-25,Clinic Lake (synthetic),PT-B,PAY-COMM2,completed,treatment
V1748,SYN-1037,2026-08-28,Clinic Lake (synthetic),PT-B,PAY-COMM2,completed,treatment
V1749,SYN-1037,2026-08-30,Clinic Lake (synthetic),PT-A,PAY-COMM2,completed,treatment
V1750,SYN-1037,2026-09-03,Clinic Lake (synthetic),PT-A,PAY-COMM2,completed,treatment
V1751,SYN-1037,2026-09-05,Clinic Lake (synthetic),PT-A,PAY-COMM2,completed,re-eval
V1752,SYN-1037,2026-09-09,Clinic Lake (synthetic),PT-B,PAY-COMM2,completed,treatment
V1753,SYN-1037,2026-09-12,Clinic Lake (synthetic),PT-D,PAY-COMM2,completed,treatment
V1754,SYN-1037,2026-09-16,Clinic Lake (synthetic),PT-A,PAY-COMM2,completed,treatment
V1755,SYN-1037,2026-09-19,Clinic Lake (synthetic),PT-C,PAY-COMM2,completed,treatment
V1756,SYN-1037,2026-09-21,Clinic Lake (synthetic),PTA-E,PAY-COMM2,completed,treatment
V1757,SYN-1037,2026-09-24,Clinic Lake (synthetic),PT-C,PAY-COMM2,completed,treatment
V1758,SYN-1037,2026-09-28,Clinic Lake (synthetic),PT-A,PAY-COMM2,scheduled,treatment
V1759,SYN-1037,2026-09-30,Clinic Lake (synthetic),PT-C,PAY-COMM2,scheduled,treatment
V1760,SYN-1037,2026-10-03,Clinic Lake (synthetic),PT-C,PAY-COMM2,scheduled,treatment
V1761,SYN-1037,2026-10-05,Clinic Lake (synthetic),PTA-E,PAY-COMM2,scheduled,re-eval
V1762,SYN-1037,2026-10-09,Clinic Lake (synthetic),PT-C,PAY-COMM2,scheduled,treatment
V1763,SYN-1037,2026-10-13,Clinic Lake (synthetic),PT-C,PAY-COMM2,scheduled,treatment
V1764,SYN-1037,2026-10-15,Clinic Lake (synthetic),PT-A,PAY-COMM2,scheduled,treatment
V1765,SYN-1037,2026-10-19,Clinic Lake (synthetic),PT-A,PAY-COMM2,scheduled,treatment
V1766,SYN-1037,2026-10-21,Clinic Lake (synthetic),PT-A,PAY-COMM2,scheduled,treatment
V1767,SYN-1037,2026-10-25,Clinic Lake (synthetic),PT-C,PAY-COMM2,scheduled,treatment
V1768,SYN-1038,2026-09-05,Clinic North (synthetic),PT-C,PAY-COMM1,completed,eval
V1769,SYN-1038,2026-09-07,Clinic North (synthetic),PT-A,PAY-COMM1,completed,treatment
V1770,SYN-1038,2026-09-11,Clinic North (synthetic),PT-C,PAY-COMM1,completed,treatment
V1771,SYN-1038,2026-09-15,Clinic North (synthetic),PT-C,PAY-COMM1,completed,treatment
V1772,SYN-1038,2026-09-17,Clinic North (synthetic),PT-B,PAY-COMM1,completed,treatment
V1773,SYN-1038,2026-09-21,Clinic North (synthetic),PT-C,PAY-COMM1,completed,treatment
V1774,SYN-1038,2026-09-25,Clinic North (synthetic),PT-D,PAY-COMM1,completed,treatment
V1775,SYN-1038,2026-09-29,Clinic North (synthetic),PT-D,PAY-COMM1,scheduled,treatment
V1776,SYN-1038,2026-10-01,Clinic North (synthetic),PT-A,PAY-COMM1,scheduled,treatment
V1777,SYN-1038,2026-10-03,Clinic North (synthetic),PT-D,PAY-COMM1,scheduled,treatment
V1778,SYN-1038,2026-10-06,Clinic North (synthetic),PT-B,PAY-COMM1,scheduled,re-eval
V1779,SYN-1038,2026-10-10,Clinic North (synthetic),PT-A,PAY-COMM1,scheduled,treatment
V1780,SYN-1038,2026-10-13,Clinic North (synthetic),PT-C,PAY-COMM1,scheduled,treatment
V1781,SYN-1038,2026-10-16,Clinic North (synthetic),PT-C,PAY-COMM1,scheduled,treatment
V1782,SYN-1038,2026-10-18,Clinic North (synthetic),PT-D,PAY-COMM1,scheduled,treatment
V1783,SYN-1038,2026-10-20,Clinic North (synthetic),PT-D,PAY-COMM1,scheduled,treatment
V1784,SYN-1038,2026-10-23,Clinic North (synthetic),PTA-E,PAY-COMM1,scheduled,treatment
V1785,SYN-1038,2026-10-26,Clinic North (synthetic),PT-A,PAY-COMM1,scheduled,treatment
V1786,SYN-1039,2026-08-04,Clinic West (synthetic),PT-B,PAY-MA,completed,eval
V1787,SYN-1039,2026-08-07,Clinic West (synthetic),PT-D,PAY-MA,completed,treatment
V1788,SYN-1039,2026-08-10,Clinic West (synthetic),PTA-E,PAY-MA,completed,treatment
V1789,SYN-1039,2026-08-12,Clinic West (synthetic),PT-B,PAY-MA,completed,treatment
V1790,SYN-1039,2026-08-14,Clinic West (synthetic),PT-A,PAY-MA,completed,treatment
V1791,SYN-1039,2026-08-18,Clinic West (synthetic),PT-B,PAY-MA,no_show,treatment
V1792,SYN-1039,2026-08-20,Clinic West (synthetic),PT-D,PAY-MA,completed,treatment
V1793,SYN-1039,2026-08-24,Clinic West (synthetic),PT-D,PAY-MA,completed,treatment
V1794,SYN-1039,2026-08-28,Clinic West (synthetic),PTA-E,PAY-MA,completed,treatment
V1795,SYN-1039,2026-08-30,Clinic West (synthetic),PT-A,PAY-MA,completed,treatment
V1796,SYN-1039,2026-09-01,Clinic West (synthetic),PT-B,PAY-MA,completed,re-eval
V1797,SYN-1039,2026-09-04,Clinic West (synthetic),PT-C,PAY-MA,completed,treatment
V1798,SYN-1039,2026-09-07,Clinic West (synthetic),PT-C,PAY-MA,completed,treatment
V1799,SYN-1039,2026-09-11,Clinic West (synthetic),PT-A,PAY-MA,completed,treatment
V1800,SYN-1039,2026-09-13,Clinic West (synthetic),PT-D,PAY-MA,completed,treatment
V1801,SYN-1039,2026-09-15,Clinic West (synthetic),PT-B,PAY-MA,completed,treatment
V1802,SYN-1039,2026-09-17,Clinic West (synthetic),PT-A,PAY-MA,completed,treatment
V1803,SYN-1039,2026-09-21,Clinic West (synthetic),PT-A,PAY-MA,completed,treatment
V1804,SYN-1039,2026-09-25,Clinic West (synthetic),PT-C,PAY-MA,completed,treatment
V1805,SYN-1039,2026-09-27,Clinic West (synthetic),PT-B,PAY-MA,completed,treatment
V1806,SYN-1039,2026-09-30,Clinic West (synthetic),PT-C,PAY-MA,scheduled,re-eval
V1807,SYN-1039,2026-10-02,Clinic West (synthetic),PT-A,PAY-MA,scheduled,treatment
V1808,SYN-1039,2026-10-04,Clinic West (synthetic),PT-B,PAY-MA,scheduled,treatment
V1809,SYN-1039,2026-10-07,Clinic West (synthetic),PT-A,PAY-MA,scheduled,treatment
V1810,SYN-1039,2026-10-10,Clinic West (synthetic),PT-A,PAY-MA,scheduled,treatment
V1811,SYN-1039,2026-10-12,Clinic West (synthetic),PT-A,PAY-MA,scheduled,treatment
V1812,SYN-1039,2026-10-15,Clinic West (synthetic),PT-D,PAY-MA,scheduled,treatment
V1813,SYN-1039,2026-10-18,Clinic West (synthetic),PTA-E,PAY-MA,scheduled,treatment
V1814,SYN-1039,2026-10-22,Clinic West (synthetic),PTA-E,PAY-MA,scheduled,treatment
V1815,SYN-1039,2026-10-24,Clinic West (synthetic),PT-A,PAY-MA,scheduled,treatment
V1816,SYN-1040,2026-08-04,Clinic Lake (synthetic),PTA-E,PAY-MA,completed,eval
V1817,SYN-1040,2026-08-07,Clinic Lake (synthetic),PT-A,PAY-MA,completed,treatment
V1818,SYN-1040,2026-08-10,Clinic Lake (synthetic),PTA-E,PAY-MA,completed,treatment
V1819,SYN-1040,2026-08-12,Clinic Lake (synthetic),PT-B,PAY-MA,completed,treatment
V1820,SYN-1040,2026-08-16,Clinic Lake (synthetic),PTA-E,PAY-MA,completed,treatment
V1821,SYN-1040,2026-08-20,Clinic Lake (synthetic),PT-A,PAY-MA,completed,treatment
V1822,SYN-1040,2026-08-24,Clinic Lake (synthetic),PTA-E,PAY-MA,completed,treatment
V1823,SYN-1040,2026-08-27,Clinic Lake (synthetic),PT-C,PAY-MA,completed,treatment
V1824,SYN-1040,2026-08-30,Clinic Lake (synthetic),PT-B,PAY-MA,completed,treatment
V1825,SYN-1040,2026-09-03,Clinic Lake (synthetic),PTA-E,PAY-MA,completed,treatment
V1826,SYN-1040,2026-09-05,Clinic Lake (synthetic),PT-A,PAY-MA,completed,re-eval
V1827,SYN-1040,2026-09-09,Clinic Lake (synthetic),PT-B,PAY-MA,completed,treatment
V1828,SYN-1040,2026-09-12,Clinic Lake (synthetic),PT-A,PAY-MA,completed,treatment
V1829,SYN-1040,2026-09-16,Clinic Lake (synthetic),PT-C,PAY-MA,completed,treatment
V1830,SYN-1040,2026-09-19,Clinic Lake (synthetic),PTA-E,PAY-MA,completed,treatment
V1831,SYN-1040,2026-09-22,Clinic Lake (synthetic),PT-A,PAY-MA,completed,treatment
V1832,SYN-1040,2026-09-24,Clinic Lake (synthetic),PT-D,PAY-MA,completed,treatment
V1833,SYN-1040,2026-09-26,Clinic Lake (synthetic),PT-C,PAY-MA,completed,treatment
V1834,SYN-1040,2026-09-30,Clinic Lake (synthetic),PT-A,PAY-MA,scheduled,treatment
V1835,SYN-1040,2026-10-04,Clinic Lake (synthetic),PTA-E,PAY-MA,scheduled,treatment
V1836,SYN-1040,2026-10-08,Clinic Lake (synthetic),PTA-E,PAY-MA,scheduled,re-eval
V1837,SYN-1040,2026-10-10,Clinic Lake (synthetic),PTA-E,PAY-MA,scheduled,treatment
V1838,SYN-1040,2026-10-12,Clinic Lake (synthetic),PT-C,PAY-MA,scheduled,treatment
V1839,SYN-1040,2026-10-15,Clinic Lake (synthetic),PT-A,PAY-MA,scheduled,treatment
V1840,SYN-1040,2026-10-19,Clinic Lake (synthetic),PT-A,PAY-MA,scheduled,treatment
V1841,SYN-1040,2026-10-22,Clinic Lake (synthetic),PT-D,PAY-MA,scheduled,treatment
V1842,SYN-1040,2026-10-24,Clinic Lake (synthetic),PT-B,PAY-MA,scheduled,treatment
