invoice_no,load_id,carrier,invoice_date,invoice_total,line_code,line_amount
BLU-7100,LD260900,Blue Mesa Transport (asset),2026-09-03,2499.22,LINEHAUL,1779.00
BLU-7100,LD260900,Blue Mesa Transport (asset),2026-09-03,2499.22,FUEL,320.22
BLU-7100,LD260900,Blue Mesa Transport (asset),2026-09-03,2499.22,DETENTION,225.00
BLU-7100,LD260900,Blue Mesa Transport (asset),2026-09-03,2499.22,LUMPER,175.00
CAL-7101,LD260907,Caliche Carriers LLC,2026-09-03,2221.25,LINEHAUL,1532.00
CAL-7101,LD260907,Caliche Carriers LLC,2026-09-03,2221.25,FUEL,345.50
CAL-7101,LD260907,Caliche Carriers LLC,2026-09-03,2221.25,DETENTION,168.75
CAL-7101,LD260907,Caliche Carriers LLC,2026-09-03,2221.25,LUMPER,175.00
PEC-7102,LD260914,Pecos Freightways Inc,2026-09-05,2322.06,LINEHAUL,1917.00
PEC-7102,LD260914,Pecos Freightways Inc,2026-09-05,2322.06,FUEL,345.06
PEC-7102,LD260914,Pecos Freightways Inc,2026-09-05,2322.06,DETENTION,60.00
BLU-7103,LD260921,Blue Mesa Transport (asset),2026-09-04,3005.70,LINEHAUL,2185.00
BLU-7103,LD260921,Blue Mesa Transport (asset),2026-09-04,3005.70,FUEL,480.70
BLU-7103,LD260921,Blue Mesa Transport (asset),2026-09-04,3005.70,DETENTION,165.00
BLU-7103,LD260921,Blue Mesa Transport (asset),2026-09-04,3005.70,LUMPER,175.00
CAL-7104,LD260928,Caliche Carriers LLC,2026-09-06,3492.77,LINEHAUL,2791.00
CAL-7104,LD260928,Caliche Carriers LLC,2026-09-06,3492.77,FUEL,656.77
CAL-7104,LD260928,Caliche Carriers LLC,2026-09-06,3492.77,DETENTION,45.00
PEC-7105,LD260935,Pecos Freightways Inc,2026-09-05,1884.99,LINEHAUL,1518.00
PEC-7105,LD260935,Pecos Freightways Inc,2026-09-05,1884.99,FUEL,273.24
PEC-7105,LD260935,Pecos Freightways Inc,2026-09-05,1884.99,DETENTION,93.75
BLU-7106,LD260942,Blue Mesa Transport (asset),2026-09-06,2966.52,LINEHAUL,2514.00
BLU-7106,LD260942,Blue Mesa Transport (asset),2026-09-06,2966.52,FUEL,452.52
CAL-7107,LD260949,Caliche Carriers LLC,2026-09-06,3255.38,LINEHAUL,2441.00
CAL-7107,LD260949,Caliche Carriers LLC,2026-09-06,3255.38,FUEL,439.38
CAL-7107,LD260949,Caliche Carriers LLC,2026-09-06,3255.38,DETENTION,200.00
CAL-7107,LD260949,Caliche Carriers LLC,2026-09-06,3255.38,LUMPER,175.00
PEC-7108,LD260956,Pecos Freightways Inc,2026-09-08,1847.92,LINEHAUL,994.00
PEC-7108,LD260956,Pecos Freightways Inc,2026-09-08,1847.92,FUEL,178.92
PEC-7108,LD260956,Pecos Freightways Inc,2026-09-08,1847.92,DETENTION,500.00
PEC-7108,LD260956,Pecos Freightways Inc,2026-09-08,1847.92,LUMPER,175.00
BLU-7109,LD260963,Blue Mesa Transport (asset),2026-09-07,2157.04,LINEHAUL,1828.00
BLU-7109,LD260963,Blue Mesa Transport (asset),2026-09-07,2157.04,FUEL,329.04
CAL-7110,LD260970,Caliche Carriers LLC,2026-09-08,3845.00,LINEHAUL,2876.00
CAL-7110,LD260970,Caliche Carriers LLC,2026-09-08,3845.00,FUEL,719.00
CAL-7110,LD260970,Caliche Carriers LLC,2026-09-08,3845.00,TONU,250.00
PEC-7111,LD260977,Pecos Freightways Inc,2026-09-09,3680.00,LINEHAUL,2544.00
PEC-7111,LD260977,Pecos Freightways Inc,2026-09-09,3680.00,FUEL,636.00
PEC-7111,LD260977,Pecos Freightways Inc,2026-09-09,3680.00,DETENTION,500.00
BLU-7112,LD260984,Blue Mesa Transport (asset),2026-09-09,1968.40,LINEHAUL,1470.00
BLU-7112,LD260984,Blue Mesa Transport (asset),2026-09-09,1968.40,FUEL,323.40
BLU-7112,LD260984,Blue Mesa Transport (asset),2026-09-09,1968.40,LUMPER,175.00
CAL-7113,LD260991,Caliche Carriers LLC,2026-09-09,2123.75,LINEHAUL,1435.00
CAL-7113,LD260991,Caliche Carriers LLC,2026-09-09,2123.75,FUEL,358.75
CAL-7113,LD260991,Caliche Carriers LLC,2026-09-09,2123.75,DETENTION,75.00
CAL-7113,LD260991,Caliche Carriers LLC,2026-09-09,2123.75,LUMPER,255.00
PEC-7114,LD260998,Pecos Freightways Inc,2026-09-10,3768.92,LINEHAUL,3194.00
PEC-7114,LD260998,Pecos Freightways Inc,2026-09-10,3768.92,FUEL,574.92
BLU-7115,LD261005,Blue Mesa Transport (asset),2026-09-11,3887.46,LINEHAUL,3043.00
BLU-7115,LD261005,Blue Mesa Transport (asset),2026-09-11,3887.46,FUEL,669.46
BLU-7115,LD261005,Blue Mesa Transport (asset),2026-09-11,3887.46,LUMPER,175.00
CAL-7116,LD261012,Caliche Carriers LLC,2026-09-11,1883.64,LINEHAUL,1462.00
CAL-7116,LD261012,Caliche Carriers LLC,2026-09-11,1883.64,FUEL,321.64
PEC-7117,LD261019,Pecos Freightways Inc,2026-09-11,3614.16,LINEHAUL,2778.00
PEC-7117,LD261019,Pecos Freightways Inc,2026-09-11,3614.16,FUEL,611.16
PEC-7117,LD261019,Pecos Freightways Inc,2026-09-11,3614.16,DETENTION,50.00
PEC-7117,LD261019,Pecos Freightways Inc,2026-09-11,3614.16,LUMPER,175.00
BLU-7118,LD261026,Blue Mesa Transport (asset),2026-09-12,1888.75,LINEHAUL,1511.00
BLU-7118,LD261026,Blue Mesa Transport (asset),2026-09-12,1888.75,FUEL,377.75
CAL-7119,LD261033,Caliche Carriers LLC,2026-09-12,1361.59,LINEHAUL,947.00
CAL-7119,LD261033,Caliche Carriers LLC,2026-09-12,1361.59,FUEL,208.34
CAL-7119,LD261033,Caliche Carriers LLC,2026-09-12,1361.59,DETENTION,206.25
CAL-7119,LD261026,Caliche Carriers LLC,2026-09-12,1361.59,LINEHAUL,947.00
CAL-7119,LD261026,Caliche Carriers LLC,2026-09-12,1361.59,FUEL,208.34
CAL-7119,LD261026,Caliche Carriers LLC,2026-09-12,1361.59,DETENTION,206.25
PEC-7120,LD261040,Pecos Freightways Inc,2026-09-13,3685.00,LINEHAUL,2948.00
PEC-7120,LD261040,Pecos Freightways Inc,2026-09-13,3685.00,FUEL,737.00
BLU-7121,LD261047,Blue Mesa Transport (asset),2026-09-14,2276.58,LINEHAUL,1781.00
BLU-7121,LD261047,Blue Mesa Transport (asset),2026-09-14,2276.58,FUEL,320.58
BLU-7121,LD261047,Blue Mesa Transport (asset),2026-09-14,2276.58,LUMPER,175.00
CAL-7122,LD261054,Caliche Carriers LLC,2026-09-15,2653.00,LINEHAUL,2100.00
CAL-7122,LD261054,Caliche Carriers LLC,2026-09-15,2653.00,FUEL,378.00
CAL-7122,LD261054,Caliche Carriers LLC,2026-09-15,2653.00,LUMPER,175.00
PEC-7123,LD261061,Pecos Freightways Inc,2026-09-14,3786.25,LINEHAUL,2959.00
PEC-7123,LD261061,Pecos Freightways Inc,2026-09-14,3786.25,FUEL,739.75
PEC-7123,LD261061,Pecos Freightways Inc,2026-09-14,3786.25,DETENTION,87.50
